Part Number,Change,Page
224.2,Redesignated as 201.51,19901
224.3,Revised,973
224.3,Revised,2477
224.3,Revised,3461
224.3,Amended,4538
224.3,Revised,14197
224.3,Redesignated as 210.52,19901
224.4,Revised,973
224.4,Revised,2477
224.4,Revised,3462
224.4,Amended,4538
224.4,Revised,14179
224.4,Corrected,14382
224.4,Redesignated as 201.53,19901
224.7,Removed,19901
225,Added; redesignated from Part 222,21666
225.4,(g) added,21807
225.5,Redesignated from 222.5-222.7,21666
225.124,Added,21808
226,Supplement IV added by reference,1041
226.1,Revised,1040
226.6,(l) added,22809
226.7,(e) revised,4113
226.9,(b) and (c) revised,4113
226.9,Footnote 14 revised,19671
226.10,(e) added,4113
226.12,Revised,1040
226.13,Added,1041
226.407,Added,16050
226.705,Added,16646
250.162,Revised,5673
262.3,(f)(1) and (4) revised,17329
265.2,(f)(19); (20) and (21) added,10779
265.2,(b)(5) added,14623
265.2,(f)(22) added,17329
265.2,(c)(18) added,18373
301.1,Introductory text amended,3112
303.1,Amended,1248
303.2,Amended,1248
303.2,Footnote 2 amended,3112
303.3,Amended,1248
303.4,Amended,1248
303.5,"(a), (b), and (c) amended",1248
303.6,Amended,1248
303.7,Amended,1248
303.8,Amended,1248
304.3,"(a), (c), (d), (g)(1), (i), (j), and (k) amended",1248
326.1,(a) and (d) amended,3112
