custom_id,content,file_path
page 2001,"""Part of the code of federal regulations"",""What was changed"",""Page of the Federal Register""
""201.51"",""Revised"",""01-2211, 01-9907, 01-18185, 01-20901, 01-29009, 01-35530, 01-45753, 01-49098, 52850, 57848, 65817""
""202"",""Compliance notification"",""01-41439""
""202.4"",""Revised; interim"",""01-17785""
""202.9 (h)"",""added; interim"",""01-17785""
""202.17"",""Added; interim"",""01-17785""
""202"",""Supplement I amended; interim"",""01-17786""
""203"",""Supplement I amended"",""01-66295""
""204.9"",""Revised"",""01-53078""
""205"",""Authority citation revised"",""01-15192""
""205.4 (a)"",""redesignated as (a)(1); (a)(2) added; (c) revised; interim"",""01-17793""
""205.7 (b)(11)"",""added"",""01-13412""
""205.16"",""Added"",""01-13412""
""205.17"",""Added; interim"",""01-17793""
""205"",""Supplement I and Appendix A amended"",""01-13412""
""207"",""Added"",""01-2092""
""208"",""Authority citation revised"",""01-8634, 01-42933""
""208.3 (d)(1)"",""revised"",""01-8634""
""208.71--208.77 (Subpart G)"",""Revised"",""01-42933""
""208.71 (c)"",""revised"",""01-8749""
""208.77 (e)"",""revised"",""01-8749""
""208.81--208.86 (Subpart H) Regulation at 65 FR 75841"",""eff. date delayed"",""01-15345""
""208.100--208.101 (Subpart I) Regulation at 65 FR 75841"",""eff. date delayed"",""01-15345""
""208"",""Appendix D-2 revised"",""01-8634""
""211"",""Authority citation revised"",""01-8636""
""211.1--211.13 (Subpart A)"",""Revised"",""01-54374""
""211.5 (h)(2)(ii)"",""revised; (l) added"",""01-58655""
""211.8 (c)(3)(ii) and (iii)"",""redesignated as (c)(3)(iii) and (iv); new (c)(3)((ii) added"",""01-58655""
""211.9"",""Added"",""01-8636""
""211.20-211.30 (Subpart B)"",""Revised"",""01-54374""
""211.24 (i)"",""added"",""01-8636""
""211.31--211.34 (Subpart C)"",""Revised"",""01-54374""
""213"",""Compliance notification"",""01-41439""
""213.3 (a)(5)"",""added; interim"",""01-17328""
""213.6"",""Added; interim"",""01-17328""
""213"",""Supplement I amended; interim"",""01-17328""
""220"",""OTC margin stock lists"",""01-11101, 01-44525""
""225"",""Authority citation amended"",""01-414, 01-8636""
""225.1 (c)(9)"",""added"",""01-414""
""225.2 (r)(2) and (s)"",""revised; (t) added"",""01-414""
""225.4 (h)"",""added"",""01-8636""
""225.14 (c)(2)(i)"",""revised"",""01-415""
""225.23 (c)(2)(i)"",""revised"",""01-415""
""225.81--225.94 (Subpart I)"",""Revised"",""01-415""
""225.86 (e)"",""added; interim"",""01-260""
""225.170--225.177 (Subpart J)"",""Revised"",""01-8484""
""225"",""Appendix F added"",""01-8636""
""226"",""Compliance notification"",""01-41439""
""226.1 (b) and (d)(5)"",""revised"",""01-65617""
""226.5 (a)(5)"",""added; interim"",""01-17338""
""226.5a (b)(1)(ii) and (c)"",""revised; (b)(1)(iii) added; interim"",""01-17338""
""226.5b (c)"",""redesignated as (c)(1); (c)(1) heading and (2) added; interim"",""01-17338""
""226.15 (b)"",""introductory text amended; interim"",""01-17338""
""226.16 (c)"",""revised; interim"",""01-17338""
""226.17 (a)(3)"",""added; (g) introductory text revised; interim"",""01-17338""
""226.23 (b)(1)"",""amended; interim"",""01-17338""
""226.24 (d)"",""revised; interim"",""01-17338""
""226.27"",""Revised; interim"",""01-17339""
""226.31 (b)"",""revised; interim"",""01-17339""
""226.32 (a)(1)(i), (b)(1), (c) introductory text, (3) and (d) introductory text"",""revised; (c)(5) and (d)(8) added; (e) removed"",""01-65617""
""226.34"",""Added"",""01-65618""
""226.36 (Subpart F)"",""Added; interim"",""01-17339""
""226"",""Supplement I amended; interim"",""01-17339""
""230"",""Compliance notification"",""01-41439""
""230.3 (a)"",""revised; (g) added; interim"",""01-17802""
""230.4 (a)(1) and (2)(i)"",""revised; interim"",""01-17802""
""230.6 (c)"",""removed; interim"",""01-17802""
""230.10"",""Added; interim"",""01-17803""
""230"",""Supplement I amended; interim"",""01-17803""
""250"",""Authority citation revised"",""01-24233""
""250.243"",""Added"",""01-24229""
""250.244"",""Added"",""01-24299""
""250.245"",""Added"",""01-24229""
""250.246"",""Added"",""01-24225""
""250.247"",""Added; interim"",""01-24233""
""250.248"",""Added; interim"",""01-24233""
""261a.13 (b)(9)"",""revised; (c)(11) added"",""01-19718""
""263"",""Authority citation revised"",""01-8637""
""263.302 (a)"",""revised"",""01-8637""
""265.5 (d)(3)"",""added"",""01-54397""
""265.6 (f)"",""revised"",""01-54397""
""265.7 (d)(4)"",""revised; (d)(9) through (14) added"",""01-54397""
""265.11 (d)(8) and (11)"",""revised; (d)(12) added"",""01-54398""
""268"",""Revised; interim"",""01-7704""",2001-/csv/page 2001.txt
page 2002,"""Part of the Code of Federal Regulations"",""What was changed"",""Federal Register Page""
""201"",""Authority citation revised"",""02-67785""
""201.1"",""Revised; eff. 1-9-03"",""02-67785""
""201.2"",""Revised; eff. 1-9-03"",""02-67785""
""201.3"",""Revised; eff. 1-9-03"",""02-67785""
""201.4"",""Revised; eff. 1-9-03"",""02-67785""
""201.5"",""Revised; eff. 1-9-03"",""02-67785""
""201.6"",""Removed; eff. 1-9-03"",""02-67787""
""201.7"",""Removed; eff. 1-9-03"",""02-67787""
""201.8"",""Removed; eff. 1-9-03"",""02-67787""
""201.9"",""Removed; eff. 1-9-03"",""02-67787""
""201.51"",""Revised; eff. 1-9-03"",""02-67787""
""Revised"",""Revised"",""02-69467""
""201.52"",""Removed; eff. 1-9-03"",""02-67787""
""203"",""Revised"",""02-7236""
""Regulation at 67 FR 7236 eff. date delayed to 1-1-04"",""Regulation at 67 FR 7236 eff. date delayed to 1-1-04"",""02-30771""
""Technical correction"",""Technical correction"",""02-34991""
""203 Supplement I"",""amended"",""02-79845""
""203.4 (a)(12)"",""revised; (a)(14) added; eff. 1-1-04"",""02-43223""
""203 Appendix A"",""amended"",""02-30772""
""204.7 (a)(1)"",""amended; eff. 1-9-03"",""02-67787""
""204.9"",""Revised"",""02-62636""
""208 Appendix A"",""amended"",""02-3797, 02-16977""
""Appendix B"",""amended"",""02-3800""
""Appendices A and B"",""amended"",""02-43217""
""Appendix A"",""amended; eff. 1-1-04"",""02-43223""
""Appendix B"",""amended; eff. 1-1-04"",""02-43227""
""208.7 (b)(2), (3), (4) and (c)(1)"",""revised; (b)(6) and (7) redesignated as (b)(7) and (8); new (b)(6) added"",""02-38848""
""208.36 (a)"",""revised; interim"",""02-57941""
""220"",""OTC margin stocks lists"",""02-8182, 02-53875""
""223"",""Added; eff. 4-1-03"",""02-76604""
""225 Appendix A"",""amended"",""02-3800, 02-16977""
""Appendix D"",""amended"",""02-3803""
""Appendix A"",""corrected"",""02-34991""
""226.17 (a)(1) footnote 38"",""amended"",""02-16982""
""226 Supplement I"",""amended"",""02-16982, 02-61769""
""250.160 (b)"",""removed; eff. 4-1-03"",""02-76622""
""250.240"",""Removed; eff. 4-1-03"",""02-76622""
""250.241"",""Removed; eff. 4-1-03"",""02-76622""
""250.242"",""Removed; eff. 4-1-03"",""02-76622""
""250.243"",""Removed; eff. 4-1-03"",""02-76622""
""250.244"",""Removed; eff. 4-1-03"",""02-76622""
""250.245"",""Removed; eff. 4-1-03"",""02-76622""
""250.246"",""Removed; eff. 4-1-03"",""02-76622""
""250.247"",""Removed; eff. 4-1-03"",""02-76622""
""250.248"",""Removed; eff. 4-1-03"",""02-76622""
""250.250"",""Removed; eff. 4-1-03"",""02-76622""
""261a.13 (b)(10)"",""added"",""02-44526""
""264a"",""Removed"",""02-15335""",2001-/csv/page 2002.txt
page 2003,"""Part of Code"",""Change"",""Page of Federal Register""
""201.51 (a), (b) and (c)"",""Revised"",""03-1794, 03-41054""
""202"",""Revised"",""03-13161""
""202 Appendix B"",""Amended"",""03-53491""
""203 Supplement I"",""Amended"",""03-31592""
""203.2 (c)(2), (e)(1)(ii), (2)(ii) and (j)"",""Revised"",""03-74830""
""203.4 (a)(9) and (e)"",""Revised"",""03-74830""
""203.5 (b)(3)(i), (ii), (c), (e) and (f)"",""Revised"",""03-74830""
""203 Appendix C"",""Corrected"",""03-14476""
""Appendix A"",""Amended"",""03-74831""
""204.9"",""Revised"",""03-57790""
""206 Authority"",""Citation Revised"",""03-53283""
""206.1 (a)"",""Amended"",""03-53283""
""206.2 (f) and (g)"",""Amended"",""03-53283""
""206.3 (c)(1)"",""Amended"",""03-53283""
""206.4 (b)"",""Amended"",""03-53283""
""206.5 (a) Footnote 1 and (f)"",""Amended; (f)(i), (ii) and (iii) Redesignated as (f)(1), (2) and (3)"",""03-53283""
""206.7"",""Removed"",""03-53283""
""208.36 (a)"",""Revised"",""03-4096""
""208.63 (b)"",""Revised"",""03-25111""
""208 Appendix A"",""Amended; interim"",""03-56535""
""211 Authority"",""Citation Revised"",""03-25112""
""211.5 (m)"",""Added"",""03-25112""
""211.24 (j)"",""Added"",""03-25112""
""211.41"",""Revised"",""03-1159""
""211.42"",""Revised"",""03-1159""
""211.43"",""Revised"",""03-1159""
""211.44"",""Revised"",""03-1159""
""211.45"",""Revised"",""03-1159""
""211.605"",""Added"",""03-7899""
""220 OTC margin stock lists"",""NA"",""03-8993, 03-52486""
""222"",""Added; interim"",""03-74469""
""225.28 (b)(8)(ii)(B)"",""Revised"",""03-39810""
""(b)(8)(ii)(B)"",""Corrected"",""03-41901""
""(b)(14)"",""Revised; eff. 1-8-04"",""03-68499""
""225 Appendix A"",""Amended; interim"",""03-56535""
""226 Supplement I"",""Amended"",""03-16189, 03-50965""
""229"",""Technical correction"",""03-37957""
""229 Appendix A"",""Amended"",""03-31596, 03-52078""
""Appendices A and E"",""Amended"",""03-52078""
""Appendix E"",""Corrected"",""03-53672""
""263 Authority"",""Citation Revised"",""03-48267""
""263.94 (a) and (b)"",""Revised"",""03-48267""
""263.400--263.405 (Subpart J)"",""Added"",""03-48267""
""264b"",""Revised; eff. 1-9-04"",""03-68721""
""268"",""Revised"",""03-18085""
""272.3 (c)"",""Revised"",""03-6061""",2001-/csv/page 2003.txt
page 2004,"""Part of Code of Federal Regulations"",""What was Changed"",""Page of the Federal Register""
""201.51 (a) and (b)"", ""Revised"", ""04-41389, 04-51002, 04-57836, 04-67635, 04-75819""
""203 Supplement I"", ""Amended"", ""04-77139""
""204.9"", ""Revised"", ""04-60545""
""208 Authority citation"", ""Revised"", ""04-77617""
""208.3 (d)(1)"", ""Revised; eff. 7-1-05"", ""04-77617""
""208 Appendix A"", ""Amended; interim"", ""04-22385""
""Appendix A"", ""Corrected"", ""04-25672""
""Appendix A"", ""Amended"", ""04-44916""
""Appendix E"", ""Amended"", ""04-44918""
""Appendix D-2"", ""Amended; eff. 7-1-05"", ""04-77617""
""210 Authority citation"", ""Revised"", ""04-62557""
""210.1"", ""Amended"", ""04-62557""
""210.2 (h)"", ""Amended; (i), (l)(3), (n) and (r) revised; undesignated paragraph after (o) removed; (s) added"", ""04-62557""
""210.3 (b)"", ""Amended"", ""04-62558""
""210.4 (b)(2)"", ""Amended"", ""04-62558""
""210.5 (b), (c) and (d)"", ""Redesignated as (c), (d) and (e); new (b) added; new (d)(3) redesignated from part of new (d)(2); new (d)(1), (2), (3) and (e) amended; (a) and new (c)(3) revised"", ""04-62558""
""210.6 (c)"", ""Redesignated as (d); (a), (b) and new (d) revised; new (c) added"", ""04-62559""
""210.12 (d) through (i)"", ""Redesignated as (e) through (j); new (d) added; (b)(2) and new (g) amended; (c), new (e) and (f)(3) revised;"", ""04-62560""
""210.13"", ""Amended"", ""04-62561""
""211 Authority citation"", ""Revised; eff. 7-1-05"", ""04-77618""
""211.5 (l)"", ""Revised; eff. 7-1-05"", ""04-77618""
""211.24 (i)"", ""Revised; eff. 7-1-05"", ""04-77618""
""226.2 (b)(5)"", ""Added"", ""04-16773""
""226 Supplement I"", ""Amended"", ""04-16773, 04-50299""
""229.20 (g)(2)"", ""Amended"", ""04-47311""
""229.21"", ""Amended"", ""04-47311""
""229.30"", ""Undesignated text following (a)(2)(iii) amended; (c)(1) and (d) revised"", ""04-47311""
""229 Appendix A"", ""Amended"", ""04-1656, 04-6919, 04-10603, 04-19922, 04-25827, 04-28820, 04-35506, 04-57839""
""229 Appendix A"", ""Corrected"", ""04-30189""
""229 Appendix C"", ""Amended"", ""04-47315""
""229 Appendix D"", ""Amended; eff. in part 1-1-06"", ""04-47316""
""229 Appendix E"", ""Amended"", ""04-47317""
""263.65"", ""Revised"", ""04-56930""",2001-/csv/page 2004.txt
page 2005,"""Part of the code of federal regulations"",""What was changed"",""Page of the Federal Register""
""201.51 (a) and (b)"",""Revised"",""05-6763, 05-16095, 05-24303, 05-39411,05-48269, 05-56564, 05-69044, 05-75386""
""203 Supplement 1"",""Amended"",""05-75719""
""204.9"",""Revised"",""05-58604""
""208 Appendix A"",""Amended"",""05-11834""
""Appendix D-2"",""Amended"",""05-15753""
""210.5 (a)(3)"",""Revised; eff. 7-1-06"",""05-71224""
""210.6 (b)(2)"",""Revised; eff. 7-1-06"",""05-71225""
""210.9 (b)(5)"",""Revised; eff. 7-1-06"",""05-71225""
""222 Authority citation"",""Revised"",""05-33979, 05-70678""
""222.2"",""Added; interim; eff. 3-7-06"",""05-33979""
""Regulation at 70 FR 33979 eff. date delayed to 4-1-06"",""Added; eff. 4-1-06"",""05-70678""
""Correctly revised"","""",""05-75931""
""222.3"",""Added; interim; eff. 3-7-06"",""05-33979""
""Regulation at 70 FR 33979 eff. date delayed to 4-1-06"",""Added; eff. 4-1-06"",""05-70678""
""Correctly revised"","""",""05-75931""
""222.30--222.32 (Subpart D)"",""Added; interim; eff. 3-7-06"",""05-33979""
""Regulation at 70 FR 33979 eff. date delayed to 4-1-06"",""Added; eff. 4-1-06"",""05-70679""
""Correctly revised"","""",""05-75931""
""225 Authority citation"",""Revised"",""05-15753""
""Policy statement"","""",""05-59987""
""225 Appendix A"",""Amended"",""05-11834""
""Appendix D"",""Amended"",""05-11838""
""Appendix F"",""Amended"",""05-15753""
""Appendix A"",""Corrected"",""05-20704""
""226 Supplement I"",""Amended"",""05-46067""
""228.12 Regulation at 69 FR 41187"",""Confirmed"",""05-15574""
""228.26"",""Revised"",""05-44268""
""228.27 Regulation at 69 FR 41187"",""Confirmed"",""05-15574""
""228.28 (c)"",""Revised"",""05-44268""
""228.41 Regulation at 69 FR 41187"",""Confirmed"",""05-15574""
""228.42 Regulation at 69 FR 41187"",""Confirmed"",""05-15574""
""228 Appendix A"",""Amended"",""05-44268""
""229.2 (fff)"",""Added; eff. 7-1-06"",""05-71225""
""229.34 (d), (e) and (f)"",""Redesignated as (e), (f) and (g); new (d) added; eff. 7-1-06"",""05-71225""
""229.43 (b)(3)"",""Revised; eff. 7-1-06"",""05-71225""
""229 Appendix A"",""Amended"",""05-7380, 05-8717, 05-21133, 05-47086""
""Technical correction"","""",""05-48842""
""Appendix A"",""Amended; eff. in part 1-21-06 and 2-11-06"",""05-60420""
""Appendix A"",""Amended; eff. in part 3-31-06"",""05-75000""
""Appendix E"",""Amended; eff. 7-1-06"",""05-71225""
""Appendix A"",""Amended; eff. 2-25-06"",""05-73129""
""230.2 (b)"",""Revised; eff. 7-1-06"",""05-29593""
""230.6 (a)(3)"",""Revised; eff. 7-1-06"",""05-29593""
""230.8 (a)"",""Revised; (f) added; eff. 7-1-06"",""05-29593""
""230.11"",""Added; eff. 7-1-06"",""05-29593""
""230 Supplement I"",""Amended; eff. 7-1-06"",""05-29594""
""232"",""Added; interim; eff. 3-7-06"",""05-33982""
""Regulation at 70 FR 33982 eff. date delayed to 4-1-06"",""Added; eff. 4-1-06"",""05-70682""
""Correctly revised"","""",""05-75931""
""263.1 (f)"",""Amended; (g) redesignated as (h); new (g) added"",""05-69638""
""264a"",""Added"",""05-69638""
""268.205"",""Revised; interim"",""05-67643""
""271.3 (c)"",""Amended"",""05-7840""
""271.4 (c)"",""Revised"",""05-7480""
""271.8 (a)"",""Revised; (b) amended"",""05-7840""
""272.3 (a) and (e)"",""Amended; (b) and (d) revised"",""05-7840""
""272.4 (c)"",""Amended; (d) redesignated as (e); new (d) added"",""05-7841""
""281 Authority citation"",""Revised"",""05-7841""
""281.1"",""Removed; new 281.1 redesignated from 281.2"",""05-7841""
""281.2"",""Redesignated as 281.1"",""05-7841""",2001-/csv/page 2005.txt
page 2006,"""Code of Federal Regulations"",""Change"",""Federal Register Page""
""201.51 (a) and (b)"",""revised"",""06-6342, 06-16992, 06-28562, 06-39521""
""202 Appendix A"",""amended"",""06-11296, 06-28563""
""203 Supplement I"",""amended"",""06-77247""
""204.9"",""Revised"",""06-62203""
""205.2 (b)(2)"",""redesignated as (b)(3); new (b)(2) added; interim; eff. 7-1-07"",""06-1481""
""205.2 (b)(2)"",""revised; eff. 7-1-07"",""06-51449""
""205.3 (b)"",""redesignated as (b)(1); (a) and new (b)(1) revised; (b)(2) and (3) added"",""06-1659""
""205.3 (a), (b)(2)(ii) and (3)"",""revised; interim"",""06-51456""
""205.3 (b)(3)"",""revised"",""06-69436""
""205.7 (c)"",""added"",""06-1659""
""205.16 (c)"",""revised"",""06-1659""
""205.18"",""Added; interim; eff. 7-1-07"",""06-1481""
""205.18"",""Revised; eff. 7-1-07"",""06-51449""
""205 Appendix A"",""amended; interim; eff. 7-1-07"",""06-1482""
""205 Appendix A"",""amended; eff. 7-1-07"",""06-51450""
""205 Appendix A"",""amended; interim"",""06-51456""
""205 Appendix A"",""amended"",""06-1659, 06-69437""
""205 Supplement I"",""amended; interim; eff. 7-1-07"",""06-1482""
""205 Supplement I"",""amended"",""06-1661, 06-69437""
""205 Supplement I"",""amended; eff. 7-1-07"",""06-51450""
""205 Supplement I"",""amended; interim"",""06-51457""
""208 Appendix D-2"",""correctly amended"",""06-5780""
""208 Appendix E"",""amended"",""06-8936""
""211.5 (m)(1)"",""added"",""06-13936""
""211.24 (j)(1)"",""added"",""06-13936""
""215 Authority"",""citation revised"",""06-71474""
""215.1--215.13 (Subpart A)"",""Heading removed; interim"",""06-71474""
""215.1"",""Revised; interim"",""06-71474""
""215.2"",""Introductory text revised; interim"",""06-71474""
""215.9"",""Removed; new 215.9 redesignated from 215.11; (a)(1) footnote 4 removed; (a)(2)(ii) revised; interim"",""06-71474""
""215.10"",""Removed; new 215.10 redesignated from 215.12; interim"",""06-71474""
""215.11"",""Redesignated as 215.9; new 215.11 redesignated from 215.13; interim"",""06-71474""
""215.11"",""Revised; interim"",""06-71475""
""215.12"",""Redesignated as 215.10; interim"",""06-71474""
""215.13"",""Redesignated as 215.11; interim"",""06-71474""
""215.1--215.13 (Subpart A)"",""Appendix redesignated as Part 215 Appendix; interim"",""06-71475""
""215.20--215.23 (Subpart B)"",""Removed; interim"",""06-71475""
""225 Appendix F"",""correctly amended"",""06-5780""
""225 Appendix E"",""amended"",""06-8937""
""225.2"",""Footnote 2 revised"",""06-9901""
""225.4 (b)(2)(iii)"",""revised"",""06-9901""
""225.14 (a)(1)(v)"",""revised"",""06-9901""
""225.17"",""Footnote 5 revised"",""06-9902""
""225.23 (a)(1)(iii)(A) and (B)"",""revised"",""06-9902""
""225 Appendices A, C and D"",""amended"",""06-9902""
""226.7 (f)"",""correctly amended; CFR correction"",""06-30577""
""226 Supplement I"",""amended"",""06-46388""
""227.2 (a)(2)(ii)"",""amended"",""06-11297""
""228.12 (u)(1)"",""revised"",""06-78336""
""228.26 (d)"",""added"",""06-78337""
""229 Appendix A"",""amended"",""06-32266""
""268.205"",""Revised; interim"",""06-44558""",2001-/csv/page 2006.txt
page 2007,"""Part of the Code of Federal Regulations"",""Change"",""Federal Register Page""
""201.4 (e)"",""added"",""07-71203""
""201.51 (a) and (b)"",""revised"",""07-48549, 07-54814, 07-63097, 07-71756""
""(b) table"",""correctly amended"",""07-56890""
""(e)"",""added"",""07-71203""
""202.4 (d)"",""revised"",""07-63451""
""202.9 (h)"",""removed"",""07-63451""
""202.16"",""Removed; new 202.16 redesignated from 202.17"",""07-63451""
""202.17"",""Redesignated as new 202.16"",""07-63451""
""202 Appendix A"",""amended"",""07-55020""
""Supplement I"",""amended"",""07-63451""
""Supplement I"",""amended; eff. 1-14-08"",""07-71057""
""203 Supplement I"",""amended"",""07-72235""
""204.9"",""Revised"",""07-55656""
""204.121 (a)(2)(iii)"",""amended"",""07-16990""
""205.4 (a)(1)"",""revised; (c) removed; (d) and (e) redesignated as new (c) and (d)"",""07-63456""
""205.9 (a) introductory text"",""revised; (e) added"",""07-36593""
""205.17"",""Removed"",""07-63456""
""205 Supplement I"",""amended"",""07-36593, 07-63456""
""208.64 (b)"",""revised; interim"",""07-17802""
""Regulation at 72 FR 17802"",""confirmed"",""07-54349""
""208 Appendix F"",""added and amended; eff. 4-1-08"",""07-69430""
""211.26 (c)(2)(i)(A)"",""revised; interim"",""07-17803""
""Regulation at 72 FR 17803"",""confirmed"",""07-54349""
""212.2 (j)(1)(iii) and (vi)"",""amended; interim"",""07-1276""
""Regulation at 72 FR 1276"",""confirmed"",""07-38755""
""212.3 (b)"",""amended; interim"",""07-1276""
""Regulation at 72 FR 1276"",""confirmed"",""07-38755""
""213.3 (a) introductory text"",""revised; (a)(5) removed"",""07-63461""
""213.6"",""Removed"",""07-63461""
""213.7 (c)"",""revised"",""07-63461""
""213 Supplement I"",""amended"",""07-63461""
""215 Regulation at 71 FR 71474"",""confirmed"",""07-30472""
""215.1--215.13 (Subpart A) Regulation at 71 FR 71474"",""confirmed"",""07-30472""
""215.1 Regulation at 71 FR 71474"",""confirmed"",""07-30472""
""218"",""Added"",""07-56554""
""220.132 Introductory text"",""correctly amended"",""07-70486""
""222 Authority citation"",""revised"",""07-62954""
""222.1 (a)"",""added; (b)(2)(i) revised"",""07-62954""
""222.3 Introductory text"",""revised"",""07-63756""
""222.20--222.28 (Subpart C)"",""Added"",""07-62955""
""222.80--222.83 (Subpart I) Heading"",""revised"",""07-63756""
""227.2 (a)(2)"",""revised"",""07-55021""
""228.12 (u)(1)"",""correctly revised"",""07-72573""
""228.26 (a)(1) heading"",""correctly revised"",""07-72573""
""229 Appendix A"",""correctly amended; CFR correction 07-3706"",""""
""230.3 (a)"",""revised; (g) removed"",""07-63483""
""230.4 (a)(1)(ii) and (2)(i)"",""revised"",""07-63483""
""230.10 Supplement I"",""amended"",""07-63484""",2001-/csv/page 2007.txt
page 2008,"""Part of Code of Federal Regulations"",""What was changed"",""Page of Federal Register""
""201.51 (a) and (b)"",""revised"",""08-5728, 08-7202, 08-15862, 08-25505, 08-61657, 08-65967, 08-79307""
""202 Appendix A"",""amended"",""08-33663, 08-53685""
""203.4 (a)(12) and (13)"",""revised; eff. 10-1-09"",""08-63335""
""203 Appendix A"",""amended; eff. 10-1-09"",""08-63335""
""Supplement I"",""amended; eff. 10-1-09"",""08-63336""
""Supplement I"",""amended"",""08-78616""
""204.4"",""Removed; interim"",""08-59485""
""204.9"",""Revised"",""08-57490""
""204.10"",""Added; interim"",""08-59485""
""(b)(2)"",""revised; interim"",""08-65507""
""(b)(1) and (2)"",""revised"",""08-67714""
""(b)"",""revised; interim"",""08-78617""
""208 Technical"",""correction"",""08-21690""
""Policy statement"","""",""08-44620""
""208 Appendices A and B"",""amended; interim"",""08-55707""
""Appendix A"",""amended; eff. 1-29-09"",""08-79606""
""218.701 (b)"",""revised"",""08-20780""
""218.721 (a)(6) and (7); (c)(2)"",""redesignated as (a)(5) and (6); revised"",""08-20780""
""218.723 (e)(3)"",""revised"",""08-20780""
""218.741 (a)(1)(A) and (B)"",""redesignated as(a)(1)(i) and (ii)"",""08-20780""
""218.775 (b)(1)(i)"",""revised"",""08-20780""
""223.42 (n)"",""added; interim"",""08-54308, 08-55709""
""223.56"",""Added; interim"",""08-55709""
""225 Technical"",""correction"",""08-21690""
""Policy statement"","""",""08-44620""
""225 Appendices A and D"",""amended; interim"",""08-55708""
""Appendix A"",""amended; interim"",""08-62853""
""Appendix A"",""correctly amended; interim"",""08-63624""
""Appendix A"",""amended; eff. 1-29-09"",""08-79606""
""226 Authority"",""citation revised"",""08-44599""
""226.1 (d)(5)"",""revised; eff. 10-1-09"",""08-44599""
""226.2 (a)(6)"",""revised; eff. 10-1-09"",""08-44599""
""226.16 (d)(2), (3) and (4); (d)(6) and (e)"",""revised; added; eff. 10-1-09"",""08-44599""
""226.17 (b) and (f)"",""revised; eff. 10-1-09"",""08-44600""
""226.19 Heading and (a)(1)"",""revised; eff. 10-1-09"",""08-44600""
""226.23 (a)(3)"",""footnote 48 revised; eff. 10-1-09"",""08-44601""
""226.24 (b), (c) and (d)"",""redesignated as (c), (d) and (e); new (b) and (f) through (i) added; footnote 49 removed; eff. 10-1-09"",""08-44601""
""226.32 (d)(6) and (7)"",""revised; eff. 10-1-09"",""08-44602""
""226.34 Heading and (a)(4)"",""revised; eff. 10-1-09"",""08-44603""
""226.35"",""Added; eff. 10-1-09 and 4-1-10 in part"",""08-44603""
""226.36"",""Added; eff. 10-1-09"",""08-44604""
""226 Supplement I"",""amended; eff. 10-1-09"",""08-44604""
""Supplement I"",""amended"",""08-46191""
""228.12 (u)(1)"",""revised"",""08-78154""
""229 Appendix A"",""amended"",""08-1269, 08-28320, 08-41236, 08-47818, 08-52909""
""Appendix B"",""revised"",""08-1269""
""Appendix A"",""amended; Appendix B removed"",""08-8788""
""Appendix A"",""amended; eff. 1-31-09"",""08-70591""
""Appendix A"",""amended; eff. 2-21-09"",""08-77492""
""233"",""Added; eff. 1-19-09"",""08-69405""
""239.36 Form F-6"",""amended"",""08-52767""
""240.12g3-2 (b), (c) and (d); (e) and (f)"",""revised; removed"",""08-52768""
""240.15c2-11 (a)(4)"",""revised"",""08-52768""
""249.240f Form 40-F"",""amended"",""08-52768""
""249.306 Form 6-K"",""amended"",""08-52768""
""249.324 Form 15F"",""amended"",""08-52769""
""263 Authority"",""citation revised"",""08-58032""
""263.65"",""Revised"",""08-58032""
""268.205"",""Regulation at 71 FR 44558 confirmed"",""08-17886""
""(a)(3), (9)(iii)(C) and (D); (c)(4)(i); (c)(5)"",""amended; revised; redesignated as (c)(6); (a)(9)(iii)(E) and new (c)(5) added"",""08-17887""",2001-/csv/page 2008.txt
page 2009,"""Part of the code of federal regulations"",""What was changed"",""Page of the Federal Register""
""201.3 (e)"",""added; eff. 1-8-10"",""09-65016""
""202 Appendix A"",""corrected; CFR correction"",""09-17899""
""203 Supplement I"",""amended"",""09-68499""
""204.2 (v), (y), (z), (aa), (bb) and (cc)"",""added"",""09-25628""
""204.3 Heading, (a) through (d), (f) and (g)"",""revised; (h) and (i) removed"",""09-25637""
""204.4"",""Added"",""09-25637""
""204.5"",""Redesignated as 204.9; new 204.5 added"",""09-25638""
""204.6"",""Redesignated as 204.7; new 204.6 added"",""09-25639""
""204.7"",""Removed; new 204.7 redesignated from 204.6"",""09-25639""
""204.9"",""Removed; new 204.9 redesignated from 204.5"",""09-25638""
""204.10"",""Revised"",""09-25629""
""205.12 (a)"",""revised; eff. 1-19-10"",""09-59052""
""205.17"",""Added; eff. 1-19-10"",""09-59052""
""205 Appendix A"",""amended; eff. 1-19-10"",""09-59053""
""208 Appendices A and B"",""amended"",""09-6224""
""209.2 (c)(1)"",""revised"",""09-25639""
""216.2"",""Revised"",""09-62925""
""216.6 (b) and (f)"",""revised; (g) added; (g) removed eff. 1-1-12"",""09-62925""
""216.7 (i)"",""added"",""09-62926""
""216 Appendix A"",""redesignated as Appendix B; new Appendix A added"",""09-62926""
""219.3 (a), (b)(2), (c), (d) and Appendix A"",""revised; (b)(3) added"",""09-50107""
""219.5 (a)"",""revised"",""09-50108""
""222 Authority citation"",""revised"",""09-31514""
""222.40--222.43 (Subpart E)"",""Added"",""09-31514""
""222.82 (a), (b), (c)(2)(i)(A), (d)(1) introductory text and (3)"",""amended"",""09-22642""
""222.90 (a)"",""amended"",""09-22642""
""223.42 (n)"",""revised"",""09-6226""
""223.56"",""Revised"",""09-6228""
""225 Appendices A and D"",""amended"",""09-6224""
""226 Authority citation"",""revised"",""09-36094""
""226.1"",""Revised; eff. 7-1-10"",""09-5397""
""226.2"",""Revised; eff. 7-1-10"",""09-5398""
""226.3"",""Revised; eff. 7-1-10"",""09-5399""
""226.4"",""Revised; eff. 7-1-10"",""09-5399""
""226.5"",""Revised; eff. 7-1-10"",""09-5401""
""226.5a"",""Revised; eff. 7-1-10"",""09-5402""
""226.6"",""Revised; eff. 7-1-10"",""09-5406""
""226.7 (a) and (b)"",""revised; (c) through (k) and footnotes 14 and 15 removed; eff. 7-1-10"",""09-5409""
""226.8"",""Revised; eff. 7-1-10"",""09-5411""
""226.9"",""Revised; eff. 7-1-10"",""09-5412""
""226.10"",""Revised; eff. 7-1-10"",""09-5415""
""226.11"",""Revised; eff. 7-1-10"",""09-5416""
""226.12"",""Revised; eff. 7-1-10"",""09-5416""
""226.13"",""Revised; eff. 7-1-10"",""09-5417""
""226.14"",""Revised; eff. 7-1-10"",""09-5418""
""226.16"",""Revised; eff. 7-1-10"",""09-5419""
""226.17 Regulation at 73 FR 44600 eff. date changed to 7-30-09"",""(f) revised"",""09-23301""
""226.19 Regulation at 73 FR 44600 eff. date changed to 7-30-09"",""(a) revised"",""09-23301""
""226.30"",""Revised; eff. 7-1-10"",""09-5421""
""226.39"",""Added; interim"",""09-60151""
""226.46--226.48 (Subpart F)"",""Added"",""09-41232""
""227 Authority citation"",""added"",""09-5559""
""227.1--227.2 (Subpart A) Authority citation"",""removed"",""09-5559""
""228.12 (u)(1)"",""revised"",""09-68664""
""229 Appendix A"",""amended"",""09-4910, 09-7786, 09-21246, 09-26516, 09-35114, 09-52876, 09-52877, 09-58538""
""230.1 (a)"",""revised"",""09-5593""
""230.11 Heading, (a), (b)(2)(x) and (xi)"",""revised; (b)(2)(xii) and (c) added"",""09-5593""
""230 Appendix B"",""amended"",""09-5593""
""233 Regulation at 73 FR 69405 compliance date"",""extended to 6-1-10"",""09-62687""
",2001-/csv/page 2009.txt
page 2010,"""Part of the code of federal regulations"",""What was changed"",""Page of the Federal Register""
""201.51 (a) and (b)"",""revised"",""10-9094""
""203 Supplement I"",""amended"",""10-80675""
""204.2 (dd)"",""revised"",""10-24389""
""204.4 (f)"",""revised"",""10-65564""
""204.10 (b)(3) revised; (e)"",""added"",""10-24389""
""205.3 (a)"",""revised"",""10-16613""
""205.4 (a)(1)"",""revised"",""10-16613""
""205.12 (b)(1)"",""revised"",""10-16614""
""205.17 (b)(1) revised; (b)(4)"",""removed"",""10-31671""
""(b)(1) introductory text"",""correctly revised"",""10-33681""
""205.20"",""Added"",""10-16614""
""(c)(2) and (g)(1) revised; (h)"",""added; interim"",""10-50687""
""Regulation at 75 FR 50687"",""confirmed; (h) revised"",""10-66648""
""205 Supplement I"",""amended"",""10-16615, 10-31671, 10-66649""
""Supplement I"",""amended; interim"",""10-50688""
""Regulation at 75 FR 50688"",""confirmed"",""10-66648""
""208 Authority citation"",""revised"",""10-44688""
""Technical correction"","""",""10-51623""
""208.100--208.101 (Subpart I) Redesignated as 208.110--208.111 (Subpart J)"","""",""10-44688""
""208.101--208.105 (Subpart I)"",""Added"",""10-44688""
""208.110--208.111 (Subpart J) Redesignated from 208.100--208.101 (Subpart I)"","""",""10-44688""
""208.111 Footnotes 7 and 8 redesignated as footnotes 8 and 9; new footnote 9"",""revised"",""10-44692""
""208 Appendices A and F"",""amended"",""10-4647""
""211 Authority citation"",""revised"",""10-44692""
""Technical correction"","""",""10-51623""
""211.24 (k)"",""added"",""10-44692""
""222 Authority citation"",""revised"",""10-2752""
""222.70--222.75 (Subpart H)"",""Added"",""10-2752""
""222 Appendix H"",""added"",""10-2759""
""225 Appendix A"",""amended"",""10-4648""
""Appendix G"",""amended"",""10-4649""",2001-/csv/page 2010.txt
page 2011,"""Part of Code"",""Change"",""Federal Register Page""
""202 Authority citation"",""revised"",""11-59239""
""202.12 (b)(4)"",""amended"",""11-41599""
""202.17"",""Added"",""11-59239""
""202 Appendix A"",""amended"",""11-31451""
""Appendix C"",""amended"",""11-41600""
""Supplement I"",""amended"",""11-41602""
""204 Authority citation"",""revised"",""11-42019""
""204.4 (f)"",""revised"",""11-68066""
""207.1 (b)(3) and (4) redesignated as (b)(4) and (5); new (b)(3) added; new (b)(4) and (5) revised; interim"",""Added"",""11-56530""
""208 Appendices A and F"",""amended"",""11-37628""
""213 Authority citation"",""revised"",""11-18353""
""213.2 (e)"",""revised"",""11-18353""
""213 Supplement I"",""amended"",""11-18353, 11-35721""
""215 Authority citation"",""revised"",""11-56530""
""215.1 (a)"",""revised; interim"",""11-56531""
""215.9 (a)(1)"",""revised; interim"",""11-56531""
""215.12"",""Added; interim"",""11-56531""
""217"",""Removed"",""11-42020""
""222.73 (a)(1)(vii), (viii), (2)(vii), (viii) and (b)(2)"",""revised; (a)(1)(ix), (2)(ix) and (d) added"",""11-41616""
""222.75 (c)(1) and (3)(i)"",""revised"",""11-41617""
""222 Appendix H"",""amended"",""11-41617""
""223 Authority citation"",""revised"",""11-56531""
""223.1 (a)"",""revised; interim"",""11-56531""
""223.72 (Subpart I)"",""Added; interim"",""11-56531""
""225 Authority citation"",""revised"",""11-8275""
""225.1 (c)(11)"",""revised"",""11-8275""
""225.4 (b)(7)"",""added"",""11-74644""
""225.8"",""Added"",""11-74644""
""225.180--225.182 (Subpart K)"",""Added"",""11-8275""
""225.200 (Subpart L) Subpart designation and heading"",""added"",""11-8278""
""225 Appendices A and C"",""amended"",""11-35963""
""Appendix G"",""amended"",""11-37628""
""226 Authority citation"",""revised"",""11-11323, 11-18362""
""226.2 (a)(15)(ii)"",""revised"",""11-22998""
""226.3 (b)"",""revised"",""11-18363""
""226.5 (b)(2)(ii)(A) heading and (B)"",""revised"",""11-22998""
""226.5a (a)(2)(iii), (b)(1)(i) and (iv)"",""revised"",""11-22999""
""226.6 (b)(1)(ii), (2)(i)(B) and (D)"",""revised"",""11-22999""
""226.7 (b)(12) and (14)"",""revised"",""11-23000""
""226.9 (b)(3)(ii)"",""added; (c)(2)(i)(A), (ii), (iii), (iv)(A)(1), (B), (D), (v)(B)(1), (2), (3), (C) and (D) revised"",""11-23000""
""(b)(3)(iii)"",""correctly added"",""11-31221""
""226.10 (b)(4) and (e)"",""revised"",""11-23001""
""226.16 (g)"",""revised"",""11-23002""
""226.35 (a)(1)"",""revised; (b)(3)(v) added"",""11-11324""
""226.51 (a)(1) and (b)(1)(ii)(B)"",""revised"",""11-23002""
""226.52 (a) heading, (1), (3) and (b)(1)(ii)"",""revised"",""11-23002""
""226.53 (b)"",""revised"",""11-23003""
""226.55 (b)(1), (3)(iii) and (6)"",""revised; (e) added"",""11-23003""
""226.58 (b)(1), (2), (c)(1), (3) and (8)"",""revised; (b)(4) through (7) redesignated as (b)(5) through (8); new (b)(4) added; (c)(2) removed"",""11-23003""
""New (b)(7)"",""correctly revised"",""11-31221""
""226 Supplement I"",""amended"",""11-11324, 11-18363, 11-23005, 11-35722, 11-35724, 11-43112""
""Supplement I"",""correctly amended"",""11-31221""
""Appendix M1"",""amended"",""11-23004""
""228.11 (a)(2), (3)(iii) and (iv)"",""revised; interim"",""11-56532""
""228.12 (u)(1)"",""revised"",""11-79531""
""228.29 (a)(2)(ii), (iii), (c) and (d)"",""revised; (a)(2)(iv) and (v) added; interim"",""11-56532""
""230 Supplement I"",""amended"",""11-42020""
""235"",""Added"",""11-43466""
""235.4"",""Added; interim"",""11-43486""
""235 Appendix A"",""amended; interim"",""11-43487""
""238"",""Added; interim"",""11-56532""
""239"",""Added; interim"",""11-56557""
""243"",""Added"",""11-67340""
""261 Authority citation"",""revised"",""11-56600""
""261.1 (a)(1) and (2)"",""revised; interim"",""11-56600""
""261.2 (v)(1)(ii), (k) and (o)"",""revised; interim"",""11-56601""
""261.10 (a)(7)"",""revised; interim"",""11-56601""
""261.14 (a)(5)(iii)"",""revised; interim"",""11-56601""
""261.20 (a), (b)(1), (c) and (d)"",""revised; interim"",""11-56601""
""261.21 (a)"",""revised; interim"",""11-56601""
""261b.7 (a)"",""revised; interim"",""11-56601""
""262 Authority citation"",""revised"",""11-56602""
""262.3 (b)(1)(i)(B), (C), (ii)(D), (E), (i) introductory text, (1) and (5)"",""revised; undesignated text following (b)(1)(i)(C) removed; (b)(1)(i)(D), (E), (ii)(F) and (j)(3) added; interim"",""11-56602""
""262.25 (a) introductory text, (2), (3) and (4)"",""revised; interim"",""11-56602""
""263 Authority citation"",""revised"",""11-56603""
""263.1 (c), (e)(2) and (11)"",""revised; (e)(13), (14) and (15) added; interim"",""11-56603""
""263.3 (f)(4), (5), (i) and (m)"",""revised; (f)(6) added; interim"",""11-56603""
""263.50 (b)(13) and (14)"",""revised; (b)(15) added; interim"",""11-56603""
""263.56"",""Revised; interim"",""11-56603""
""263.65 (a)"",""revised; (b)(11) and (12) added; interim"",""11-56604""
""263.80"",""Revised; interim"",""11-56604""
""263.81 (c)"",""revised; (e) added; interim"",""11-56604""
""263.83 (a)"",""revised; interim"",""11-56604""
""263.84 (a) and (c)"",""revised; interim"",""11-56604""
""263.85 (b)(1), (2) and (3)"",""revised; interim"",""11-56604""
""263.94 (g)"",""revised; interim"",""11-56605""
""263.103 (c)(3)"",""revised; interim"",""11-56605""
""263.105 (b)(2) and (3)"",""revised; interim"",""11-56605""
""263.400"",""Revised; interim"",""11-56605""
""263.401 (c)"",""revised; interim"",""11-56605""
""264a.2"",""Revised; interim"",""11-56605""
""264a.3 (d)"",""added; interim"",""11-56606""
""264a.5 (a)(1)(i)"",""revised; interim"",""11-56606""
""264a.6 (c)"",""revised; (h) added; interim"",""11-56606""",2001-/csv/page 2011.txt
page 2012,"""Part of Code of Federal Regulations"",""What was Changed"",""Page of Federal Register""
""204"",""Policy statement"",""12-22666""
""204.1 (b)"",""revised"",""12-21852""
""204.2 (v), (w) and (x), (z) and (bb), (ee) and (ff)"",""removed; revised; added"",""12-21852""
""(z) and (ff), (gg) and (hh)"",""revised; added; eff. 1-24-13"",""12-21852""
""Regulation at 77 FR 21852"",""eff. date delayed to 6-27-13"",""12-66361""
""204.4 (d), (e) and (f) introductory text"",""revised"",""12-21852""
""204.5 (a)(1) and (b) through (e)"",""revised"",""12-21852""
""204.6 Heading, (a) and (b)"",""revised"",""12-21853""
""204.10 (b)(1), (3), (c), (d)(3) and (e)(2)"",""revised"",""12-21854""
""208 Appendix E"",""revised; Appendix E amended"",""12-53112""
""210.2 (a)"",""revised"",""12-21858""
""210.4"",""Revised"",""12-21858""
""210.25 (b)(1) and (3)"",""revised"",""12-21859""
""210.26 (b)"",""removed"",""12-21859""
""213 Supplement I"",""amended"",""12-69736""
""219.21"",""Amended"",""12-65097""
""225"",""Policy statement"",""12-33949""
""226 Supplement I"",""amended"",""12-69738""
""228.12 (u)(1)"",""revised"",""12-75523""
""235.4"",""Revised"",""12-46280""
""241"",""Added"",""12-32884""
""252"",""Added"",""12-62391""
""263.65"",""Revised"",""12-68681""",2001-/csv/page 2012.txt
page 2013,"""Part of the Code of Federal Regulations"",""Change"",""Page of Federal Register""
""204.4 (f)"",""revised"",""13-66250""
""208"",""Revised"",""13-62281""
""Authority citation"",""correctly revised; eff. 1-1-14"",""13-76973""
""208.2 (d)"",""revised"",""13-62281""
""208.3 (a) footnote 2"",""redesignated as footnote 3"",""13-62282""
""208.4"",""Revised"",""13-62282""
""208.5 Footnotes 3 and 4"",""redesignated as footnotes 6 and 7"",""13-62282""
""208.21 Footnote 5"",""redesignated as footnote 8"",""13-62282""
""208.23 (c)"",""revised"",""13-62282""
""208.24 (a)(3) footnote 6"",""redesignated as footnote 9"",""13-62282""
""208.40 (e)"",""added"",""13-62282""
""208.41"",""Revised"",""13-62282""
""208.43 (a) and (b)"",""revised; (c) redesignated as (d); new (c) added"",""13-62283""
""208.73 (a) heading"",""revised; (b) through (e) redesignated as (c) through (f); new (b) added"",""13-62284""
""208.77 (c)"",""removed"",""13-62284""
""208.102 Footnote 7"",""redesignated as footnote 16"",""13-62284""
""208.111 Footnotes 8 and 9"",""redesignated as footnotes 17 and 18"",""13-62284""
""208 Appendices A, B and E"",""removed; eff. 1-1-15"",""13-62284""
""Appendix C"",""amended; Appendix F removed"",""13-62284""
""Appendix E"",""amended; eff. 4-1-14"",""13-76524, 13-76526""
""213 Supplement I"",""amended"",""13-70194""
""217 Authority citation"",""added"",""13-62284""
""217"",""Added; amended"",""13-62285""
""217.1 (a), (b), (c)(1), (e) and (f)(1)(ii)(A), (B) and (C)"",""revised; (c)(2), (3) and (4) redesignated as (c)(3), (4) and (5); new (c)(2) and (f)(4) added"",""13-62285""
""217.2"",""Amended"",""13-62285""
""217.10 (d)"",""revised"",""13-62286""
""217.11 (a)(2)(i) and (4)(v)"",""revised"",""13-62286""
""217.20 (b)(1)(v), (c)(1)(viii),(c)(3) and (e)(2)"",""revised; (d)(4) amended"",""13-62286""
""(d)(1)(vi)"",""correctly revised; eff. 1-1-14"",""13-76973""
""217.22 (a)(7), (b)(2)(ii), (iii), (iv) introductory text and (d)(1)(i)"",""revised; (b)(3) added"",""13-62287""
""217.32 (g)(1)(ii), (k) introductory text, (l)(1) and (6) introductory text"",""revised; (m) added"",""13-62287""
""217.42 (h)(1)(iv)"",""revised; (h)(3) amended"",""13-62288""
""217.52 (b)(3)(i)"",""revised"",""13-62288""
""217.100 (b)(1) introductory text, (i), (ii), (iii) and (2)"",""revised"",""13-62288""
""217.121 (a)"",""revised"",""13-62288""
""217.122 (g)(3)(ii)"",""revised"",""13-62289""
""217.131 (b), (e)(3)(i) and (ii)"",""revised; (e)(5) added"",""13-62289""
""217.142 Heading and (k)(1)(iv)"",""revised"",""13-62289""
""217.152 (b)(3)(i)"",""revised"",""13-62289""
""217.201 (b)(1) introductory text"",""revised; (c)(1) amended"",""13-62289""
""217.202 (b)"",""amended"",""13-62290""
""217.300 (c)(1), (3) heading and (e)"",""revised; (c)(3) introductory text and (f) added"",""13-62290""
""225.1 (c)(12), (13) and (15)"",""removed; eff. 1-1-15"",""13-62290""
""225.2 (r)(1)(i) and (ii)"",""revised"",""13-62290""
""225.4 (b)(4)(ii)"",""revised"",""13-62290""
""225.8"",""Revised; interim"",""13-59783""
""225.12 (d)(3)(i)(B) footnote 1"",""redesignated as footnote 2; (d)(2)(iv) and new footnote 1 added"",""13-62291""
""225.14 Footnote 2"",""redesignated as footnote 3"",""13-62291""
""225.17 Footnotes 3, 4 and 5"",""redesignated as footnotes 4, 5 and 6"",""13-62291""
""225.22 (d)(8)(v)"",""revised; footnote 1 added"",""13-62291""
""225.23 Footnote 1"",""redesignated as footnote 2"",""13-62291""
""225.28 Footnotes 2 through 18"",""redesignated as footnotes 3 through 19"",""13-62291""
""225.172 (b)(6)(i)(A)"",""revised; footnote 1 added"",""13-62291""
""225 Appendix A"",""removed; eff. 1-1-19"",""13-62291""
""Appendices B and G"",""removed"",""13-62291""
""Appendices D and E"",""removed; eff. 1-1-15"",""13-62291""
""Appendix E"",""amended; eff. 4-1-14"",""13-76527, 13-76528, 13-76529""
""226 Authority citation"",""revised; eff. 1-18-14"",""13-10437""
""Regulation at 78 FR 10437"",""confirmed"",""13-69793""
""Supplement I"",""amended"",""13-70196""
""226.43"",""Added; eff. 1-18-14"",""13-10437""
""Regulation at 78 FR 10437"",""confirmed"",""13-69793""
""(a)(2) through (6), (b) introductory text, (1), (2) and (5)"",""revised; (a)(7) through (10), (b)(7) and (8) added; eff. 1-18-14"",""13-78582""
""(b)(8)"",""revised; eff. 7-18-15"",""13-78583""
""226 Appendices N and O"",""added; eff. 1-18-14"",""13-10439""
""Supplement I"",""amended; eff. 1-18-14"",""13-10439, 13-78583""
""Regulation at 78 FR 10437"",""confirmed"",""13-69793""
""Appendix N"",""amended; eff. 1-18-14"",""13-78583""
""228.12 (u)(1)"",""revised; eff. 1-1-14"",""13-79285""
""234.1 (b)"",""revised; eff. 2-18-14"",""13-76979""
""234.6"",""Added; eff. 2-18-14"",""13-76979""
""234.7"",""Added; eff. 2-18-14"",""13-76979""
""237"",""Added; interim"",""13-34549""
""240"",""Added"",""13-21027""
""242"",""Added"",""13-20776""
""246"",""Added"",""13-52402""
""252.131--252.137 (Subpart F)"",""Revised; interim"",""13-59786""
""252.141--252.148 (Subpart G)"",""Revised; interim"",""13-59788""
""252.151--252.157 (Subpart H)"",""Revised; interim"",""13-59794""
""252 Appendix A"","""",""13-71441""
""261.2 (c)(1)(ii)(A) and (B)"",""correctly reinstated"",""13-34874""
""272.3 (c)"",""revised"",""13-19981""",2001-/csv/page 2013.txt
page 2014,"""Chapter"",""Change"",""Page""
""II"",""Policy statement"",""14-67326""
""204.4 (f)"",""revised"",""14-68350""

""208"",""Authority citation revised"",""14-24539""
""208.41 (c) through (j)"",""redesignated as (d) through (k); new (c) added; eff. 1-1-18"",""14-24540""
""208.43 (a)(2)(iv)(C)"",""added; (c)(1)(iv) revised; eff. 1-1-18"",""14-24540""
""208 Appendix D-2"",""amended"",""14-37166""
""210"",""Authority citation revised"",""14-72111""
""210"",""Policy statement"",""14-72112""
""210.2 (c) and (p)"",""revised; eff. in part 7-23-15"",""14-72111""
""210.9 (b)(2), (3) and (4)"",""revised; eff. 7-23-15"",""14-72111""
""213"",""Authority citation revised"",""14-56483""
""213 Supplement I"",""amended"",""14-56483""
""216"",""Removed"",""14-30709""
""217"",""Authority citation revised"",""14-24540""
""217"",""Heading and authority citation revised"",""14-44124""
""217 Footnotes 5 through 29"",""redesignated as footnotes 9 through 33; interim"",""14-78295""
""217.1 (f)(4)"",""revised; eff. 1-1-18"",""14-24540""
""217 (d)(4)"",""amended"",""14-57744""
""217.2"",""Amended; eff. 1-1-18"",""14-24540""
""217"",""Amended"",""14-44124, 14-57744""
""217"",""Amended; interim"",""14-78295""
""217.10 (c)(4)"",""revised"",""14-57744""
""217.11 (a)(2)(v), (vi), (c) and Table 2"",""added; (a)(4) revised; eff. 1-1-18"",""14-24540""
""217.172 (d)"",""added"",""14-57746""
""222.90 (b)(5)"",""revised"",""14-30711""
""222 Appendix J"",""amended"",""14-30711""
",2001-/csv/page 2014.txt
page 2015,"""Part of Federal Regulations"",""Change"",""Page of Federal Register""
""201"",""Authority citation revised"",""78965""
""201.3 (b)"",""revised"",""78965""
""201.4 (d)"",""revised"",""78965""
""201.51"",""Footnote 1 redesignated as footnote 3"",""78965""
""(a) and (b)"",""revised"",""79672""
""201.108"",""Footnotes 2 and 3 redesignated as footnotes 4 and 5"",""78965""
""201.109"",""Footnotes 4, 5 and 6 redesignated as footnotes 6, 7 and 8"",""78965""
""204.4 (f)"",""revised"",""71683""
""204.10 (a), (b), (c) and (d)(5)"",""revised; (f) added"",""35567""
""(b)(5)"",""revised"",""79461""
""208"",""Authority citation revised"",""32681""
""208.2"",""Footnote 2 correctly removed"",""70672""
""208.3"",""Footnote 3 correctly redesignated as Footnote 2"",""70672""
""208.4"",""Footnotes 4 and 5 correctly removed"",""70672""
""208.5"",""Footnotes 6 and 7 correctly redesignated as Footnotes 3 and 4"",""70672""
""208.21"",""Footnote 8 correctly redesignated as Footnote 4"",""70672""
""208.24"",""Footnote 9 correctly redesignated as Footnote 6"",""70672""
""208.25"",""Revised"",""43245""
""(e), (i)(1) and Appendix A"",""revised; Appendix B added"",""43247""
""208.40 (e)"",""correctly revised"",""70672""
""208.41"",""Regulation at 79 FR 24540 withdrawn; (g) through (p) redesignated as (h) through (q); new (g) added; eff. 1-1-18"",""49102""
"""",""Footnotes 10 through 15 correctly removed"",""70672""
""208.43 (a)(2)(iv)(C) and (c)(1)(iv)"",""amended; eff. 1-1-18"",""49102""
""(b)"",""correctly removed; (a)(2)(iv)(C), (c), (1)(iv) and (d) correctly redesignated as (a)(4)(iii), new (b), (1)(iv) and (c); (a) and new (b) introductory text correctly revised; eff. in part 1-1-18"",""70672""
""208.50--208.51 (Subpart E)"",""Heading revised"",""32681""
""208.50"",""Revised"",""32681""
""208.102"",""Footnote 16 correctly redesignated as Footnote 7"",""70672""
""208.111"",""Footnotes 17 and 18 correctly redesignated as Footnotes 8 and 9"",""70672""
""213"",""Supplement I amended"",""73947""
""217.1 (c)(1)(iii)"",""amended; interim"",""5670""
""(c)(1)(iii)"",""revised"",""20157""
""(f)(3)"",""revised"",""49103""
""(f)(4)"",""amended; eff. 1-1-18"",""49103""
""217.2"",""Amended"",""41418, 49103""
"""",""Regulation at 79 FR 24540 withdrawn"",""49103""
"""",""Correctly amended"",""70672""
""217.10 (c)"",""introductory text revised"",""41419""
"""",""Heading, (a)(4)(ii) and Table 1 revised; (c) added"",""49103""
""(a)(2)(v), (vi), (c) and Table 2"",""amended; (c) redesignated as (d); eff. 1-1-18"",""49103""
""217.22 (b)(1)(iii)"",""revised"",""41419""
""217.100 (b)(1)(i)(B)(2) and (ii)(B)"",""revised"",""41419""
""217.122 (c)(9) and (10)"",""redesignated as (c)(10) and (11); (a)(3), (b)(1), (3), (5), (c)(1), (2), (5), (6), new (c)(10), (11) and (i)(5) revised; (b)(2)(iii) and new (c)(9) added"",""41419""
""217.131 (d)(5)(ii) and (iii)"",""revised; (e)(3)(vi) amended"",""41420""
""217.132 Table 1"",""amended; (c)(1), (2) and (d)(5)(iii)(B) revised; (d)(2)(iv)(C), (7)(iv)(B) and (d)(9)(ii) amended"",""41421""
""217.133 (b)(3)(i)(B), (4)(ii) and (c)(4)(ii)"",""amended; (c)(3)(iii) added"",""41421""
""217.136 (e)(2)(i) and (ii)"",""amended"",""41421""
""217.172 (d)"",""revised"",""41421""
""217.173 (a)"",""introductory text redesignated as (a)(1) and revised; (a)(2) and (3) added; Table 6 and Table 9 amended"",""41421""
""217.202 (b)"",""correctly amended"",""70672""
""217.300 (a)(2)"",""revised"",""49103""
""(c)(3)"",""correctly revised"",""70672""",2001-/csv/page 2015.txt
page 2016,"""Chapter II Policy statement"","" "",""16-47692""
""204.4 (f) revised; eff. 1-18-17"","" "",""16-91673""
""208.64 (b)(1) revised; interim"","" "",""16-10069""
""Regulation at 81 FR 10069 confirmed; eff. 1-17-17"","" "",""16-90952""
""209 Authority citation revised"","" "",""16-9087""
""Regulation at 81 FR 9087 confirmed"","" "",""16-84419""
""209.1 Heading, (a) and (b) revised; (d) added; interim"","" "",""16-9087""
""Regulation at 81 FR 9087 confirmed"","" "",""16-84419""
""209.2 (a) revised; interim"","" "",""16-9087""
""Regulation at 81 FR 9087 confirmed"","" "",""16-84419""
""209.3 Heading, (d) heading, (1) and (2)(i) revised; (d)(3) added; interim"","" "",""16-9087""
""Regulation at 81 FR 9087 confirmed"","" "",""16-84419""
""209.4 (b) removed; (c), (d) and (e) redesignated as new (b), (c) and (d); heading and new (c) and (d) revised; new (e) and (f) added; interim"","" "",""16-9088""
""Regulation at 81 FR 9088 confirmed"","" "",""16-84419""
""211.26 (c)(2)(i)(A) revised; interim"","" "",""16-10069""
""Regulation at 81 FR 10069 confirmed; eff. 1-17-17"","" "",""16-90952""
""213 Supplement I amended"","" "",""16-86259""
""217.404 (b)(1) revised; eff. 1-17-17"","" "",""16-90954""
""217.405 (b)(1) revised; eff. 1-17-17"","" "",""16-90954""
""217 Appendix A added"","" "",""16-63686""
""225 Policy statement"","" "",""16-75315""
""226 Supplement I amended"",""16-86254, 16-86263""
""227 Removed"","" "",""16-8134""
""228 Policy statement"","" "",""16-48506""
""237.1 Regulation at 80 FR 74923 confirmed"","" "",""16-50613""
""249.3 Amended"","" "",""16-21232""
""249.20 (c)(2) redesignated as (c)(3); new (c)(2) added"","" "",""16-21232""
""249.21 (f) through (i) redesignated as (g) through (j); (b)(4), (c)(3), new (f), (g)(4), (h)(3) and (k) added; (c)(2) and new (h)(2) amended"","" "",""16-21232""
""249.22 (c) redesignated as (d); new (c) added"","" "",""16-21232""
""249.60 (c)(2) revised; eff. 4-1-17"","" "",""16-94929""
""249.64 Added; eff. 4-1-17"","" "",""16-94929""
""249.90--249.91 (Subpart J) Added; eff. 4-1-17"","" "",""16-94929""
""261.10 (e) and (f) revised; interim"","" "",""16-94933""
""261.11 Heading, (a) introductory text, (4), (b)(1) and (c) revised; interim"","" "",""16-94933""
""261.12 (b)(2) revised; interim"","" "",""16-94933""
""261.13 (e)(3), (f)(4), (5), (i) introductory text, (1) and (3) revised; interim"","" "",""16-94933""
""261.14 (a) introductory text revised; interim"","" "",""16-94934""
""261.17 (i) added; interim"","" "",""16-94934""
""263 Authority citation revised"","" "",""16-47007""
""263.65 Revised; interim"","" "",""16-47007""
""271.3 (c) revised; interim"","" "",""16-94936""
""271.4 Heading, (a) and (b) revised; (c) removed; interim"","" "",""16-94936""
""271.5 (b)(2) revised; interim"","" "",""16-94936""
""271.6 (c)(2), (d)(3), (e)(4), (5)(g)(1), (h) introductory text and (1) revised; interim"","" "",""16-94936""
""271.7 (a) revised; interim"","" "",""16-94937""
""271.9 (i) added; interim"","" "",""16-94937""",2001-/csv/page 2016.txt
page 2017,"""Chapter II Policy statement"","" "",""40473, 46668""
""201.51 (a) and (b) revised"","" "",""7636, 18216, 28756, 60282""
""203 Removed; eff. 1-22-18"","" "",""60674""
""204.4 (f) revised"","" "",""51755""
""204.10 (b)(5) revised"","" "",""7637, 18217, 28758, 60283""
""209 Nomenclature change"","" "",""11502""
""Amended"","" "",""52174""
""213 Supplement I amended"","" "",""51977""
""217.2 (1)(iii) and (3)(ii)(A) revised; section amended"","" "",""42918""
""217.300 (b)(4), (d)(1) and table 10 revised;(b)(5) added"","" "",""55316""
""225 Policy statement"","" "",""49089""
""225.8 Revised"","" "",""9323""
""226 Supplement I amended"","" "",""51975, 51979""
""228 Authority citation revised"","" "",""61145""
""228.12 (u)(1) revised"","" "",""5356""
""(g)(3), (4)(iii)(B), (h)(2)(i) and (l) amended;(g)(5) and (j)(3) removed; (j)(4) and (5) redesignated as new (j)(3) and (4)"","" "",""55743""
""(u)(1) revised"","" "",""61145""
""228.22 (a)(1) amended"","" "",""55743""
""228.42 (c)(1) introductory text amended"","" "",""55743""
""228.43 (b)(2) revised"","" "",""55743""
""229.1 (b)(3) revised; (5) through (10) added; eff. 7-1-18"","" "",""27578""
""229.2 (dd), (uu), (vv) and (bbb) revised; (ggg) and (hhh) added; eff. 7-1-2018"","" "",""27578""
""229.30 Revised; eff. 7-1-18"","" "",""27579""
""229.31 Revised; eff. 7-1-18"","" "",""27579""
""229.32 Revised; eff. 7-1-18"","" "",""27580""
""229.33 Revised; eff. 7-1-18"","" "",""27580""
""229.34 Revised; eff. 7-1-18"","" "",""27581""
""229.35 (a) and (d) revised; eff. 7-1-18"","" "",""27582""
""229.36 Revised; eff. 7-1-18"","" "",""27583""
""229.38 (b), (c) and (d) revised; eff. 7-1-18"","" "",""27583""
""229.39 Revised; eff. 7-1-18"","" "",""27583""
""229.40 Revised; eff. 7-1-18"","" "",""27584""
""229.42 Revised; eff. 7-1-18"","" "",""27584""
""229.43 (a)(2) and (b) revised; eff. 7-1-18"","" "",""27584""
""229.51 (b)(2) and (3) revised; eff. 7-1-18"","" "",""27584""
""229.52 (a) revised; eff. 7-1-18"","" "",""27584""
""229.53 (a) revised; eff. 7-1-18"","" "",""27585""
""229 Appendix D removed; eff. 7-1-18"","" "",""27585""
""Appendix E amended; eff. 7-1-18"","" "",""27585""
""249.3 Amended"","" "",""42919""
""252 Authority citation revised"","" "",""8306""
""252.2 (t) through (z) redesignated as (bb) through (hh); (n) through (s) redesignated as new (u)through (z); (i) through (m) redesignated as (j) through (n); new (i), new"","" "",""8306""
""252.42 (p) revised"","" "",""9329""
""252.43 (b) revised; (c) removed"","" "",""9329""
""252.44 (b) revised"","" "",""9329""
""252.46 (b)(1) revised"","" "",""9329""
""252.52 (k) and (r) revised"","" "",""9329""
""252.53 (b) revised"","" "",""9329""
""252.54 (a), (b)(1), (2)(i), (4)(i) and (iii) revised"","" "",""9330""
""252.55 (a), (b)(4)(i) and (iii) revised"","" "",""9330""
""252.57 (a) revised"","" "",""9330""
""252.58 (a)(1)(ii) revised"","" "",""9330""
""252.60--252.65 (Subpart G) Added"","" "",""8306""
""252.81--252.88 (Subpart I) Added"","" "",""42920""
""252.153 (b)(4), (5) and (6) added"","" "",""8310""
""252.160--252.167 (Subpart P) Added"","" "",""8311""
""261.13 (i)(4) revised"","" "",""49287""
""263.65 Revised"","" "",""8361""
""265 Policy statement"","" "",""55496""
""265.4 (c) added"","" "",""55495""
""271.6 (h)(3) revised"","" "",""45680""",2001-/csv/page 2017.txt
page 2018,"""Part of the Code of Federal Regulations"",""What was changed"",""Page of the Federal Register""
""201.3 (e)"",""removed"",""21168""
""201.51 (a) and (b)"",""revised"",""13104, 28527, 49473""
""201.51 (d)(1)"",""introductory text revised"",""21168""
""204.4 (f)"",""revised"",""54518""
""204.10 (b)(5)"",""revised"",""13105, 28528, 49475""
""208.64 (b)(1)"",""revised; interim"",""43965""
""208.64"",""Regulation at 83 FR 43965 confirmed"",""67035""
""209"",""Nomenclature change"",""58467""
""210"",""Nomenclature change"",""61517""
""210.2 (h), (i), (m), (n), (q), and (s)(1)"",""revised"",""61517""
""210.3 (a)"",""revised"",""61518""
""210.4 (a), (b)(1)(ii), (iii), and (3)"",""revised"",""61518""
""210.5 (a), (c), (d), and (e)"",""revised"",""61518""
""210.6 (a)(2)(ii)"",""amended; (a)(2)(iii), (b), and (c) revised; (a)(2)(iv) added; (d) removed"",""61519""
""210.7 (a)(1) and (b)(2)"",""revised"",""61520""
""210.9 (b)(2)(i), (3)(i)(A), (B), (4), (5), (6), (c), (d), and (e)"",""revised; (f) removed"",""61520""
""210.10 (a)"",""revised"",""61520""
""210.11 (b)"",""revised; (c) removed"",""61521""
""210.12 (a) and (c) through (g)"",""revised"",""61521""
""210.25 (a) and (b)(3)"",""amended; (b)(2) introductory text revised; (e) added"",""61522""
""210.26 (e)"",""revised"",""61522""
""210.29 (b)"",""amended"",""61522""
""210.25--210.32 (Subpart B) Appendix A"",""amended"",""61522""
""211.2 (z)"",""revised; eff. 2-1-19"",""58734""
""211.9 (a)(2)"",""revised; eff. 2-1-19"",""58734""
""211.26 (c)(2)(i)(A)"",""revised; interim"",""43965""
""211.26"",""Regulation at 83 FR 43965 confirmed"",""67035""
""213 Supplement I"",""amended"",""59276""
""217.1 (c)(1)(iii)"",""revised; interim"",""44198""
""217.11 (a)(4)(ii)"",""revised"",""705""
""217.11 Table 1, (a)(4)(iv), and (v)"",""added"",""17477""
""217.300 (c)(1)(i) through (iv)"",""added"",""705""
""225.2 (r) Footnote 2"",""revised; interim"",""44198""
""225.4 (b)(2)(iii)"",""revised; interim"",""44198""
""225.14 (a)(1)(v)"",""revised; interim"",""44199""
""225.17 (a)(6) Footnote 6"",""revised; interim"",""44199""
""225.23 (a)(1)(iii)"",""revised; interim"",""44199""
""225.62 (e) through (m)"",""redesignated as (f) through (n); new (e) added"",""15035""
""225.63 (a)(12)"",""amended; (a)(13), (b), and (d)(2) revised; (a)(14) added"",""15035""
""225 Appendix C"",""amended; interim"",""44199""
""226.43 (b)(2)"",""amended; CFR correction"",""40659""
""226 Supplement I"",""amended"",""59274, 59278""
""228"",""Technical correction"",""15298""
""228.12 (u)(1)"",""revised"",""66603""
""229.38 (i)"",""added"",""46853""
""229 Appendix E"",""amended"",""46853""
""237.1 (e)(7)"",""added"",""50811""
""237.2"",""Amended"",""50812""
""238.54 (a)(1)"",""revised; eff. 2-1-19"",""58734""
""249.3"",""Amended; interim"",""44455""
""249.20 (c)(2)"",""removed; (c)(3) redesignated as new (c)(2); (c)(1)(iii) and new (2)(vi) amended; new (c)(3) added; interim"",""44455""
""249.21 (c)(2) and (h)(2)"",""amended; (b)(4), (c)(3), (f), (g)(4), (h)(3), and (k) removed; (g) through (j) redesignated as (f) through (i); interim"",""44455""
""249.22 (c)"",""removed; (d) redesignated as new (c); interim"",""44455""
""252.70--252.78 (Subpart H)"",""Added"",""38493""
""252.76 (d)(i), (ii), (A), (B), and (C)"",""redesignated as (d)(1), (2), (i), (ii), and (iii)"",""64023""
""252.170--252.178 (Subpart Q)"",""Added"",""38501""
""252.174 (i)(3)(1) through (4)"",""redesignated as (i)(3)(i) through (iv)"",""64023""
""263.65"",""Revised"",""1183""
""265.4 (a)(1)"",""removed; (a)(2), (3), and (4) redesignated as (a)(1), (2), and (3)"",""9419""
""265.5 Introductory text"",""revised; (b)(2) and (3) redesignated as (b)(3) and (4); new (b)(2) added"",""9419""",2001-/csv/page 2018.txt
page 2019,"""Chapter II Policy statement"",""Changes"",""12049""
""201 Authority citation revised"",""Changes"",""512""
""201.51 (a) and (b) revised"",""Changes"",""512, 39724, 52753, 59924""
""204.4 (f) revised"",""Changes"",""64706""
""204.10 (b)(5) revised"",""Changes"",""513, 20542, 39725, 52754, 59926""
""206.2 (g) revised"",""Changes"",""61796""
""206.5 (a)(4) added"",""Changes"",""61796""
""208 Authority citation revised"",""Changes"",""29051, 61796""
""208.2 (d) revised"",""Changes"",""4240""
""208.2 Regulation at 84 FR 4240 eff. date delayed to 7-1-19"",""Changes"",""11879""
""208.2 (d)(3) added"",""Changes"",""61796""
""208.25 (b)(7) through (11) revised; (b)(12), (13), (14), and (c)(3) added"",""Changes"",""4970""
""208.43 (a) and (b) revised"",""Changes"",""61796""
""208.43 Correction: (a), (b) introductory text, and (1) revised"",""Changes"",""70887""
""208.101--208.105 (Subpart I) Removed"",""Changes"",""21692""
""208.120--208.124 (Subpart K) Added"",""Changes"",""29051""
""209 Nomenclature change; eff. 1-15-2020"",""Changes"",""68326""
""211 Nomenclature change"",""Changes"",""61797""
""211.2 (c)(1) revised"",""Changes"",""4241""
""211.2 Regulation at 84 FR 4241 eff. date delayed to 7-1-19"",""Changes"",""11879""
""211.2 (b), (c), and (x) revised"",""Changes"",""61797""
""211.9 (a) footnote 5 redesignated as (a) footnote 1"",""Changes"",""61797""
""211.24 (k) removed"",""Changes"",""21692""
""211.43 (c)(4) revised"",""Changes"",""4241""
""211.43 Regulation at 84 FR 4241 eff. date delayed to 7-1-19"",""Changes"",""11879""
""212.3 (c) amended"",""Changes"",""54471""
""213 Supplement I amended"",""Changes"",""58018""
""215.2 (i) revised"",""Changes"",""4241""
""215.2 (i)(3) added"",""Changes"",""61797""
""215.2 Regulation at 84 FR 4241 eff. date delayed to 7-1-19"",""Changes"",""11879""
""217 Authority citation revised"",""Changes"",""61797""
""217.1 (f)(5) added"",""Changes"",""59269""
""217.2 Amended"",""Changes"",""4241, 35259, 59270""
""217.2 Regulation at 84 FR 4241 eff. date delayed to 7-1-19"",""Changes"",""11879""
""217.2 Amended; eff. 4-1-20"",""Changes"",""68032""
""217.10 (c)(3)(ii)(A) amended"",""Changes"",""4242""
""217.10 Regulation at 84 FR 4242 eff. date delayed to 7-1-19"",""Changes"",""11879""
""217.10 (c)(4)(ii)(H) revised"",""Changes"",""35259""
""217.10 (a)(5), (c) introductory text, and (4)(i) introductory text revised"",""Changes"",""59271""
""217.10 (a) revised"",""Changes"",""61797""
""217.11 (a)(2)(i), (iv), (3)(i), and Table 1 revised"",""Changes"",""35259""
""217.11 (b)(1) introductory text and (ii) revised"",""Changes"",""59271""
""217.12 Added"",""Changes"",""61797""
""217.20 (d)(3) amended"",""Changes"",""4242""
""217.20 Regulation at 84 FR 4242 eff. date delayed to 7-1-19"",""Changes"",""11879""
""217.20 (b)(1)(iii), (4), (c)(2), (d)(2), and (5) revised; (f) added"",""Changes"",""35260""
""217.21 Revised; eff. 4-1-20"",""Changes"",""35260""
""217.21 Regulation at 84 FR 35260 eff. date revised as 1-1-20"",""Changes"",""61804""
""217.22 (c) footnote 23 amended"",""Changes"",""4242""
""217.22 Regulation at 84 FR 4242 eff. date delayed to 7-1-19"",""Changes"",""11879""
""217.22 (a)(1)(i), (c), (d), (g), and (h) revised; eff. 4-1-20"",""Changes"",""35261""
""217.22 (b)(2)(ii) revised"",""Changes"",""59271""
""217.22 (f) revised"",""Changes"",""61798""
""217.22 Regulation at 84 FR 35261 eff. date revised as 1-1-20"",""Changes"",""61804""
""217.32 (b), (d)(2), (3)(ii), (k), and (l) revised"",""Changes"",""35264""
""217.34 (c) revised"",""Changes"",""35265""
""217.35 (b)(3)(ii), (4)(ii), (c)(3)(ii), and (4)(ii) revised"",""Changes"",""35266""
""217.36 (c) revised"",""Changes"",""35266""
""217.37 (b)(2)(i) revised"",""Changes"",""35266""
""217.38 (e)(2) revised"",""Changes"",""35266""
""217.42 (j)(2)(ii)(A) revised"",""Changes"",""35266""
""217.52 (b)(1) and (4) revised"",""Changes"",""35266""
""217.61 Revised"",""Changes"",""35267""
""217.63 Table 5 amended"",""Changes"",""4242""
""217.63 Regulation at 84 FR 4242 eff. date delayed to 7-1-19"",""Changes"",""11879""
""217.63 Table 3 and Table 8 revised"",""Changes"",""35267""
""217.63 (d) and (e) added"",""Changes"",""59271""
""217.100 (b)(1) revised; (b)(2) removed; (b)(3) redesignated as new (b)(2)"",""Changes"",""59271""
""217.124 (a) and (b)(2) amended"",""Changes"",""4242""
""217.124 Regulation at 84 FR 4242 eff. date delayed to 7-1-19"",""Changes"",""11879""
""217.131 (d)(2) revised"",""Changes"",""35268""
""217.133 (b)(3)(ii) and (c)(3)(ii) revised"",""Changes"",""35269""
""217.152 (b)(5) and (6) revised"",""Changes"",""35269""
""217.172 (d)(2) revised"",""Changes"",""59271""
""217.173 Table 2, Table 3, and Table 5 amended"",""Changes"",""4242""
""217.173 Regulation at 84 FR 4242 eff. date delayed to 7-1-19"",""Changes"",""11879""
""217.173 Heading and (a)(2) revised"",""Changes"",""59272""
""217.202 (b) amended"",""Changes"",""35269""
""217.210 (b)(2)(ii) and (vii)(A) revised"",""Changes"",""35269""
""217.300 (c)(2) and (3) revised; (b) and (d) removed; eff. in part 4-1-20"",""Changes"",""35269""
""217.300 (g) added"",""Changes"",""61807""
""217.300 Regulation at 84 FR 35269 eff. date revised as 1-1-20"",""Changes"",""61804""
""217.301 Added"",""Changes"",""4243""
""217.301 Regulation at 84 FR 4243 eff. date delayed to 7-1-19"",""Changes"",""11879""
""217.400 (b)(1), (2) introductory text, and (i) revised; (b)(3) removed"",""Changes"",""59075""
""223.3 (d) revised"",""Changes"",""4244""
""223.3 Regulation at 84 FR 4244 eff. date delayed to 7-1-19"",""Changes"",""11879""
""223.3 (d)(4) added"",""Changes"",""61798""
""225.2 (h) revised; (r)(1) footnote 2 redesignated as (r)(1) footnote 1; (r)(4) added"",""Changes"",""61799""
""225.8 (f)(2)(ii)(B) revised"",""Changes"",""8958""
""225.8 (b)(1)(i), (2), (3), and (c) revised"",""Changes"",""59075""
""225.14 (a)(1)(ii) footnote 3 redesignated as (a)(1)(ii) footnote 1; (a)(1)(v)(A), (vii), (c)(6)(i)(A), and (B) revised; (c)(6)(iii) and (f) added"",""Changes"",""61799""
""225.14 Correction: (a)(1)(ii) footnote 3 redesignated as (a)(1)(ii) footnote 1; (a)(1)(v), (vii), (c)(6)(i)(A), and (B) revised; (c)(6)(iii) and (f) added"",""Changes"",""70887""
""225.22 (d)(8)(vi) added"",""Changes"",""61800""
""225.23 (a)(1) footnote 2 redesignated as (a)(1) footnote 1; (a)(1)(iii) and (c)(5)(i) revised; (c)(5)(iii) and (e) added"",""Changes"",""61800""
""225.24 (a)(2)(iv)(B) and (vi) revised"",""Changes"",""61801""
""225.62 (f) revised; (k) through (n) redesignated as (l) through (o); new (k) added"",""Changes"",""53597""
""225.63 (a)(1) and (d)(3) revised; (a)(13) and (14",2001-/csv/page 2019.txt
page 2020,"""Chapter"",""Change"",""Page""
""II"",""Notification"",""19077""
""201.51 (a) and (b)"",""revised"",""13724, 16524""
""204.2 (c)(1)(ii), (c)(1)(iii) and (iv)"",""removed, redesigned as new, revised; interim"",""23447""
""204.4 (f)"",""revised; interim"",""16526""
""204.4 (f)"",""revised; eff. 1-11-21"",""79823""
""204.10 (b)(5)"",""revised"",""7856, 13725, 16528""
""208.36 (b)(3)"",""added; interim"",""77360""
""208.43 (b)(2)(iv)(B) and (3)(iv)(B)"",""revised; interim"",""32989""
""208.64 (d)"",""added; interim"",""77360""
""208.121"",""Amended; interim"",""77360""
""209"",""Nomenclature change; eff. 1-11-21"",""79390""
""211.26 (c)(2)(iii)"",""added; interim"",""77360""
""212.2 (o)(3)"",""added; interim"",""77361""
""213"",""Supplement I amended"",""79392""
""215"",""Authority citation revised"",""22349""
""215.3 (b)(6) and (7)"",""amended; (b)(8) added; interim"",""22349""
""215.3 (b)(8)"",""introductory text and (ii) revised; interim"",""43121""
""217"",""Authority citation revised"",""20393, 22929, 22938""
""217"",""Notification"",""17721""
""217"",""Policy statement"",""64003""
""217.2"",""Amended"",""4414, 4578""
""217.2"",""Amended; interim"",""20393""
""217.2"",""Regulation at 85 FR 20393 eff. date confirmed"",""68243""
""217.10 (c)(4)(ii)(A), (B), and (C)"",""revised"",""4416""
""217.10 (c)(4)(ii)"",""introductory text revised; (c)(4)(ii)(J) added"",""4578""
""217.10 (c)(4)(ii)(A), (B)(1), introductory text, (i), (2)(i), and (H)"",""amended; (c)(4)(ii)(B)(2)(i) and (ii) revised"",""57961""
""217.11"",""Revised"",""15596""
""217.11 (a)(2)(i)"",""revised; interim"",""15916""
""217.11"",""Regulation at 85 FR 15916 confirmed"",""63428""
""217.12 (a)(4)"",""added; interim"",""77361""
""217.32 (f)"",""revised"",""4417""
""217.32 (a)(1)(iii)"",""added; interim"",""20393""
""217.32 (f)(1)"",""revised"",""57961""
""217.32"",""Regulation at 85 FR 20393 eff. date confirmed"",""68243""
""217.34"",""Revised"",""4417""
""217.35 (a)(3) and (c)(3)(iii)"",""added; (b)(4)(i) revised"",""4419""
""217.37 (c)(3)(iii), (iv)(A), (C), (c)(4)(i)(B) introductory text, and (1)"",""revised"",""4419""
""217.37 (c)(2)(i)(B)"",""amended"",""57961""
""217.131 (e)(3)(viii)"",""added; interim"",""20393""
""217.131"",""Regulation at 85 FR 20393 eff. date confirmed"",""68243""
""217.132 (b)(2)(ii)(A)(3), (4), (5), (c) heading, (1), (2), (5) through (8), (d)(10)(i), and (e)(6)(viii)"",""revised; (b)(2)(ii)(A)(6), (7), and (c)(9) through (11) added; (e)(5)(i)(A), (C), (H), and (6)(i)(B) amended; (e)(5)(ii) Table 3 redesignated as Table 4"",""4419""
""217.132 (c)(8)(iii), (iv), and (9)(i)"",""amended; (c)(9)(ii)(A)(1) and (iv)(A)(3) revised"",""57961""
""217.133 (a), (b)(1), (2), (3), (4)(i), (c)(1), (2), (3), (4)(i), and (d)"",""revised"",""4426""
""217.133 (d)(4), (5), (6) introductory text, and (i) through (iii)"",""revised"",""57962""
""217.134 (d)(3)"",""amended"",""4419""
""217.173"",""Table 13 amended"",""4428""
""217.202 (1)"",""introductory text and (i) amended"",""4419""
""217.210 (e)(1)"",""amended"",""4419""
""217.300 (g) and (h)"",""added"",""4429""
""217.301"",""Revised; interim"",""17733""
""217.301"",""Correction: (b)(1), (c)(2) introductory text, (d) introductory text, (2)(i) introductory text, and (ii) introductory text amended"",""29842""
""217.301"",""Revised"",""61589""
""217.302"",""Added; interim"",""16236""
""217.302"",""Regulation at 85 FR 16236 eff. date confirmed"",""68243""
""217.303"",""Added; interim"",""20586""
""217.303"",""Revised; interim"",""32989""
""217.304"",""Added"",""22929""
""217.304 (d)"",""added"",""22938""
""217.305"",""Added; interim"",""20393""
""217.305"",""Regulation at 85 FR 20393 eff. date confirmed"",""68243""
""225.2 (e)"",""introductory text and (1) amended; (e)(2) and (q)(2) revised; (u) added"",""12421""
""225.2"",""Regulation at 58 FR 12421 eff. date delayed to 9-30-20"",""18427""
""225.8"",""Revised"",""15599""
""225.9"",""Added"",""12421""
""225.9"",""Regulation at 58 FR 12421 eff. date delayed to 9-30-20"",""18427""
""225.10"",""Added; interim"",""77361""
""225.31--225.34 (Subpart D)"",""Revised"",""12422""
""225.31--225.34 (Subpart D)"",""Regulation at 58 FR 12422 eff. date delayed to 9-30-20"",""18427""
""225.63 (f)"",""added; interim (temporary)"",""21317""
""225.63 (f)"",""revised (temporary)"",""65671""
""226"",""Supplement I amended"",""79387, 79395""
""228.12 (u)(1)"",""revised"",""83748""
""235"",""Heading revised; interim"",""77362""
""235.5 (a)(4)"",""added; interim"",""77362""
""237"",""Heading revised; interim"",""39469""
""237"",""Heading revised"",""39773""
""237.1 (e)(6) and (7)"",""revised; interim"",""39469""
""237.1 (e)(6), (7), and (h) introductory text"",""revised; (h)(1), (3), and (5) added"",""39773""
""237.9 (h)"",""added"",""39774""
""237.10 (a)"",""revised"",""39774""
""237.11"",""Revised"",""39774""
""238.2 (e), (r)(2), and (tt)"",""revised"",""12426""
""238.2"",""Regulation at 58 FR 12426 eff. date delayed to 9-30-20"",""18427""
""238.2"",""Correction: (tt) added"",""14772""
""238.5 (b)"",""revised; interim"",""77362""
""238.8"",""Heading revised; (b) and (c) added"",""12426""
""238.8"",""Regulation at 58 FR 12426 eff. date delayed to 9-30-20"",""18427""
""238.9"",""Revised"",""12426""
""238.9"",""Regulation at 58 FR 12426 eff. date delayed to 9-30-20"",""18427""
""238.21--238.23 (Subpart C)"",""Revised"",""12427""
""238.21--238.23 (Subpart C)"",""Regulation at 58 FR 12426 eff. date delayed to 9-30-20"",""18427""
""238.53 (c)(3)"",""added; interim"",""77363""
""238.92 (p)(3)"",""added; interim"",""77363""
""246"",""Authority citation revised"",""78953""
""246.1 (a) through (c)"",""revised; eff. 1-7-21"",""78953""
""246.2 (n) through (p)"",""added; eff. 1-7-21"",""78953""
""246.3"",""Revised; eff. 1-7-21"",""78953""
""248.6 (f)"",""added"",""46503""
""248.10 (c)(1), (3)(i), (8), (10) heading, (i), (11), and (d)(6)"",""revised; (c)(15) through (18) and (d)(11) added"",""46503""
""248.12 (b)(1)(ii), (4), (c)(1), (d), and (e)"",""revised; (b)(5) added"",""46507""
""248.13 (d)"",""added"",""46508""
""248.14 (a)(2)(i), (ii)(C), and (c)"",""revised; (a)(2)(iii) through (v) and (3) added"",""46509""
""248.20 (a), (d) heading, (1), and (e) introductory text"",""revised"",""46509""
""248.20"",""Correction: instruction amended"",""60355""
""249.3"",""Footnotes 1 and 2 redesignated as footnotes 2 and 3; section amended; interim"",""26841""
""249.3"",""Regulation at 85 FR 26841 eff. date confirmed"",""68243""
""249.34"",""Added; interim"",""26841""
""249.34"",""Regulation at 85 FR 26841 eff. date confirmed"",""68243""
""252"",""Authority citation revised"",""17006""
""252.16 (b)(1) through (3)"",""added"",""15604""
""252.44 (c)"",""redesignated as (d); new (c) added"",""15604""
""252.54 (b)(2)"",""revised"",""15605""
""252.56 (b)"",""revised"",""15605""
""252.63 (c)(2)(i)"",""revised; interim"",""17006""
""252.63"",""Regulation at 85 FR 17006 confirmed"",""63428""
""252.165 (d)(2)(i)"",""revised; interim"",""17006""
""252.165"",""Regulation at 85 FR 17006 confirmed"",""63428""
""252.170 (c)(1)"",""revised"",""31952""
""252"",""Appendix B amended"",""15605""
""261"",""Revised"",""57627""
""261a.12 (b)(11)"",""redesignated as (b)(12); new (b)(11) added"",""73604""
""263.65"",""Revised"",""2007""",2001-/csv/page 2020.txt
page 2021,"""Part of Code of Federal Regulations"",""What Was Changed"",""Page of the Federal Register""
""204.2 (aa)"",""Revised"",""29938""
""204.4"",""Regulation at 85 FR 16525 Confirmed"",""8853""
""204.4 (f)"",""Revised; Effective 1-7-22"",""69578""
""204.10 (b) introductory text, (1) through (3), and (d)(1) through (4)"",""Revised"",""29938""
""204.10 (b)(5)"",""Revised"",""38906""
""204.10 (b)(1); (b)(4), (5), and (d)(5) removed; (d)(6) redesignated as new (d)(5)"",""Revised"",""50214""
""209"",""Amended; Effective 1-7-22"",""69579""
""213"",""Supplement I amended"",""67849""
""215"",""Authority citation revised"",""9839""
""215.3 (b)(8)(i) through (iii)"",""Revised; Interim"",""9839""
""215.3 (b)(8)(i) through (iii); (b)(8)(iv)"",""Revised; Added"",""27509""
""217.2"",""Amended"",""731""
""217.10 (c); (d) redesignated as (e); new (d)"",""Revised; Added"",""732""
""217.11 (a)(2)(i)"",""Revised Correction"",""3762""
""217.11 (a)(2)(iii), (vi), (3)(i) introductory text, (4), (c) heading, (1)(i), (ii), (iii) introductory text, (iv) introductory text, (v) introductory text, (vi) introductory text, and (2); second (c)(1)(v) redesignated as (c)(1)(vii)"",""Revised"",""7938""
""217.11"",""Instruction amended correction"",""9261""
""217.20 (c)(3) and (d)(4) redesignated as (c)(3)(i) and (d)(4)(i); (c)(3)(ii) and (d)(4)(ii)"",""Added; Interim"",""15080""
""217.22 (c), (f), and (h)"",""Revised"",""735""
""217.121 (c)"",""Amended"",""738""
""217.132 (c)(7)(iii) and (iv)"",""Amended"",""738""
""217.303 (a) and (e)"",""Amended"",""738""
""225.8 (c)(1), (2), (d)(3) through (21), (e)(2)(i)(A), (4)(i)(B)(3), (ii), (iii), (f)(1), (h)(2) through (5), and (i) through (k); (d)(22), (e)(4)(i)(B)(4), (iv), and (l) removed; (f)(4)"",""Revised; Added"",""7940""
""225.300--225.303 (Subpart N)"",""Added; Effective 4-1-22"",""66442""
""226"",""Supplement I amended"",""67846, 67853""
""228.12 (u)(1)"",""Revised Correction"",""13805""
""228.12 (u)(1)"",""Revised"",""71815""
""231.2 (c) through (f) redesignated as (d) through (g); new (c)"",""Revised; Added"",""11622""
""231.3 (a); (b) and (c) redesignated as (c) and (d); new (b) and (e)"",""Revised; Added"",""11622""
""238.132 (a)(4) and (d); (c)(2)"",""Revised; Added"",""7943""
""238.144 (a)(2), (b)(1), and (2); (b)(3) and (4)"",""Revised; Added"",""7943""
""238.146 (a)(1)"",""Revised"",""7943""
""238.170 (Subpart S)"",""Added"",""7943""
""249"",""Heading revised"",""9210""
""249.1"",""Revised"",""9210""
""249.2 (b); (c)"",""Revised; Added"",""9211""
""249.3"",""Amended"",""9211""
""249.22 (b)(1)"",""Revised"",""9212""
""249.30 (b)(3)"",""Revised"",""9212""
""249.31 (a)(1) introductory text, (2) introductory text, and (4)"",""Revised"",""9212""
""249.32"",""Nomenclature change"",""9212""
""249.100--249.109 (Subpart K)"",""Added; Nomenclature change"",""9212""
""249.110 (Subpart L)"",""Added; Nomenclature change"",""9212""
""249.120 (Subpart M)"",""Added"",""9213""
""249.130 (Subpart N)"",""Added"",""9213""
""252.44 (a)(3) and (d)"",""Revised"",""7949""
""252.54 (b)(2)(i)(B)"",""Revised"",""7949""
""252.54 (b)(2)(i) introductory text"",""Revised"",""22844""
""252.56 (a)(2)"",""Revised"",""7949""
""252.58 (a)(1)"",""Revised"",""7949""
""252.61"",""Amended"",""738""
""252.63 (c)(3)(i)(C) and (5)(iii)(A)(2)"",""Revised"",""738""
""252.160 (b)(2)"",""Revised"",""738""
""252.162 (b)(1)"",""Revised"",""738""
""252.165 (d)(3)(i)(C)"",""Revised"",""739""
""252 Appendix B"",""Amended"",""7949""
""262"",""Authority citation revised"",""18179""
""262.7"",""Added"",""18179""
""262 Appendix A"",""Added"",""18179""
""263.65"",""Revised"",""2528""
""271"",""Revised"",""18426""
""272"",""Nomenclature change"",""11623""",2001-/csv/page 2021.txt
page 2022,"""Part of the Code of Federal Regulations"",""What was changed"",""Page of the Federal Register""
""201.51 (a) and (b)"",""revised"",""22812, 29650, 38646, 48442, 60869, 68888""
""204.4 (f)"",""revised; eff. 1-3-23"",""73634""
""204.10 (b)(1)"",""revised"",""22813, 29651, 38647, 48443, 60870, 68889""
""208"",""Guidance"",""32826""
""208"",""Technical correction"",""36213""
""209"",""Heading revised"",""2030""
""209"",""Amended; eff. 1-3-23"",""73635""
""209.1 (c) and (d)(3)"",""revised"",""2030""
""209.3 (d)(1) through (3) redesignated as (d)(2),(3), and (5); new (d)(1) and (4) added;heading, (a), (c), (d) heading, and new (5) revised"",""2030""
""209.4 (a), (b), (c)(1) introductory text, and (d)(1) introductory text revised; (c)(2) and (3) redesignated as (c)(3) and (4); new (c)(2) added"",""2030""
""210"",""Heading revised"",""34357""
""210.2"",""Revised"",""34357""
""210.25--210.32 (Subpart B)"",""Heading and subpart revised"",""34358""
""210.25 (b)(2) and (c)"",""revised"",""34358""
""210.26"",""Revised"",""34358""
""210.28 (b)(1) through (3)"",""revised"",""34359""
""210.30 (b) and (c)"",""revised"",""34359""
""210.32"",""Heading and (b) revised"",""34359""
""210.25--210.32 (Subpart B)"",""Appendix B amended"",""34359, 34362""
""210.40--210.47 (Subpart C)"",""Added"",""34362""
""210"",""Appendix A added"",""34369""
""213"",""Supplement I amended"",""63668""
""226"",""Supplement I amended"",""63665, 63672""
""228.12 (u)(1)"",""revised; eff. 1-1-23"",""78831""
""235.7 (a)(2)"",""revised; eff. 7-1-23"",""61230""
""235"",""Appendix A amended; eff. 7-1-23"",""61231""
""263.65"",""Revised"",""2313""
""265"",""Revised"",""54003""",2001-/csv/page 2022.txt
page 2023,"""Part of Federal Regulations"",""Change"",""Page of Federal Register""
""201.51"",""Revised"",""2195""
""201.51 (a) and (b) revised"",""8220, 18380, 30216, 50761""
""204.2 (f)(1)(iv)(E)"",""Revised"",""45058""
""204.4 (f)"",""Revised"",""83317""
""204.10 (b)(1)"",""Revised"",""2196, 8221, 18381, 30217, 50762""
""204.125"",""Heading and introductory text revised"",""45058""
""208"",""Policy statement"",""25479""
""208.112"",""Added"",""7851""
""209"",""Nomenclature change"",""83318""
""213"",""Supplement I amended; eff. 2-2-24"",""83320""
""217.1 (c)(1)"",""Revised; (g) added; eff. 1-1-24"",""82967""
""217.2"",""Amended; eff. 1-1-24"",""82968""
""217.10 (f)"",""Added; eff. 1-1-24"",""82969""
""217.11 (e)"",""Added; eff. 1-1-24"",""82969""
""217.306"",""Added; eff. 1-1-24"",""82969""
""217.601--217.608 (Subpart J)"",""Added; eff. 1-1-24"",""82969""
""226"",""Supplement I amended; eff. 1-1-24"",""83314, 83324""
""228.12 (u)(1)"",""Revised; eff. 1-1-24"",""87896""
""238.111--238.117 (Subpart L)"",""Removed; eff. 4-1-24"",""89909""
""238.142 (a)(1)"",""Introductory text revised; (a)(3) added; eff. 1-1-24"",""82979""
""252.53 (a)(1)"",""Introductory text revised; (a)(3) added; eff. 1-1-24"",""82980""
""253"",""Added"",""5220""
""263"",""Authority citation revised; eff. 4-1-24"",""89909""
""263.1--263.41 (Subpart A)"",""Revised; eff. 4-1-24"",""89909""
""263.50--263.57 (Subpart B)"",""Revised; eff. 4-1-24"",""89909""
""263.65"",""Revised"",""1497""
""263.450--263.457 (Subpart K)"",""Added; eff. 4-1-24"",""89921""
""263 Appendix A"",""Added; eff. 4-1-24"",""89923""
""265.4"",""Correction: (a)(3)(i) amended"",""32622""
""265.6"",""Correction: (d)(1) amended"",""80109""
""265.7"",""Correction: (d)(7)(ii)(E)(1), (j)(3)(i), (k)(3)(ii)(A), (iii)(A), (B), and (5)(iii)(M) amended; (e)(9) and (r) added"",""32622""
""265.7"",""Correction: (c)(7)(iii), (iv), (d)(7)(ii)(B)(3), (e)(5), (j)(1)(viii), (k)(1)(ii)(E), (F), and (7)(i) amended; (c)(7)(v), (k)(1)(ii)(G), (H), and (8) added"",""80109""
""265.8"",""Correction: (c)(2) and (3) amended"",""80109""
""265.10"",""Correction: (b) revised"",""32622""
""265.10"",""Correction: (b) redesignated as (c); new (b) added"",""80109""
""265.11"",""Correction: (a)(1) amended"",""32622""
""265.13"",""Correction: (b)(1)(i) amended"",""32622""
""265.20"",""Correction: (a)(6)(i), (c)(6)(iv)(E), (14)(xvi), (l)(1)(i)(A), and (B) amended"",""32622""",2001-/csv/page 2023.txt
