"Part of Code of Federal Regulations","What was Changed","Page of the Federal Register"
"201.51 (a) and (b)", "Revised", "04-41389, 04-51002, 04-57836, 04-67635, 04-75819"
"203 Supplement I", "Amended", "04-77139"
"204.9", "Revised", "04-60545"
"208 Authority citation", "Revised", "04-77617"
"208.3 (d)(1)", "Revised; eff. 7-1-05", "04-77617"
"208 Appendix A", "Amended; interim", "04-22385"
"Appendix A", "Corrected", "04-25672"
"Appendix A", "Amended", "04-44916"
"Appendix E", "Amended", "04-44918"
"Appendix D-2", "Amended; eff. 7-1-05", "04-77617"
"210 Authority citation", "Revised", "04-62557"
"210.1", "Amended", "04-62557"
"210.2 (h)", "Amended; (i), (l)(3), (n) and (r) revised; undesignated paragraph after (o) removed; (s) added", "04-62557"
"210.3 (b)", "Amended", "04-62558"
"210.4 (b)(2)", "Amended", "04-62558"
"210.5 (b), (c) and (d)", "Redesignated as (c), (d) and (e); new (b) added; new (d)(3) redesignated from part of new (d)(2); new (d)(1), (2), (3) and (e) amended; (a) and new (c)(3) revised", "04-62558"
"210.6 (c)", "Redesignated as (d); (a), (b) and new (d) revised; new (c) added", "04-62559"
"210.12 (d) through (i)", "Redesignated as (e) through (j); new (d) added; (b)(2) and new (g) amended; (c), new (e) and (f)(3) revised;", "04-62560"
"210.13", "Amended", "04-62561"
"211 Authority citation", "Revised; eff. 7-1-05", "04-77618"
"211.5 (l)", "Revised; eff. 7-1-05", "04-77618"
"211.24 (i)", "Revised; eff. 7-1-05", "04-77618"
"226.2 (b)(5)", "Added", "04-16773"
"226 Supplement I", "Amended", "04-16773, 04-50299"
"229.20 (g)(2)", "Amended", "04-47311"
"229.21", "Amended", "04-47311"
"229.30", "Undesignated text following (a)(2)(iii) amended; (c)(1) and (d) revised", "04-47311"
"229 Appendix A", "Amended", "04-1656, 04-6919, 04-10603, 04-19922, 04-25827, 04-28820, 04-35506, 04-57839"
"229 Appendix A", "Corrected", "04-30189"
"229 Appendix C", "Amended", "04-47315"
"229 Appendix D", "Amended; eff. in part 1-1-06", "04-47316"
"229 Appendix E", "Amended", "04-47317"
"263.65", "Revised", "04-56930"